target_date,status,selected_time_et,common_minutes
2026-06-01,NO_COMMON_MINUTE,,
2026-06-02,NO_COMMON_MINUTE,,
2026-06-03,NO_COMMON_MINUTE,,
2026-06-04,NO_COMMON_MINUTE,,
2026-06-05,NO_COMMON_MINUTE,,
2026-06-06,COLLECTED,2026-06-05T15:54:00-04:00,2.0
2026-06-07,NO_COMMON_MINUTE,,
2026-06-08,COLLECTED,2026-06-07T16:02:00-04:00,1.0
2026-06-09,COLLECTED,2026-06-08T15:57:00-04:00,2.0
2026-06-10,COLLECTED,2026-06-09T16:02:00-04:00,1.0
2026-06-11,NO_COMMON_MINUTE,,
2026-06-12,COLLECTED,2026-06-11T15:50:00-04:00,4.0
2026-06-13,NO_COMMON_MINUTE,,
2026-06-14,COLLECTED,2026-06-13T16:01:00-04:00,3.0
2026-06-15,NO_COMMON_MINUTE,,
2026-06-16,NO_COMMON_MINUTE,,
2026-06-17,NO_COMMON_MINUTE,,
2026-06-18,NO_COMMON_MINUTE,,
2026-06-19,NO_COMMON_MINUTE,,
2026-06-20,NO_COMMON_MINUTE,,
2026-06-21,NO_COMMON_MINUTE,,
2026-06-22,COLLECTED,2026-06-21T15:58:00-04:00,4.0
2026-06-23,NO_COMMON_MINUTE,,
2026-06-24,COLLECTED,2026-06-23T16:01:00-04:00,1.0
2026-06-25,COLLECTED,2026-06-24T15:50:00-04:00,2.0
2026-06-26,COLLECTED,2026-06-25T16:01:00-04:00,1.0
2026-06-27,COLLECTED,2026-06-26T16:01:00-04:00,1.0
2026-06-28,COLLECTED,2026-06-27T15:50:00-04:00,4.0
2026-06-29,COLLECTED,2026-06-28T15:59:00-04:00,2.0
2026-06-30,COLLECTED,2026-06-29T16:01:00-04:00,1.0
2026-07-01,COLLECTED,2026-06-30T16:02:00-04:00,2.0
2026-07-02,COLLECTED,2026-07-01T16:04:00-04:00,1.0
2026-07-03,COLLECTED,2026-07-02T16:01:00-04:00,1.0
2026-07-04,COLLECTED,2026-07-03T16:01:00-04:00,1.0
2026-07-05,COLLECTED,2026-07-04T16:01:00-04:00,1.0
2026-07-06,COLLECTED,2026-07-05T16:03:00-04:00,1.0
2026-07-07,NO_COMMON_MINUTE,,
2026-07-08,NO_COMMON_MINUTE,,
2026-07-09,COLLECTED,2026-07-08T16:01:00-04:00,1.0
2026-07-10,COLLECTED,2026-07-09T15:54:00-04:00,4.0
2026-07-11,COLLECTED,2026-07-10T16:01:00-04:00,1.0
2026-07-12,NO_COMMON_MINUTE,,
2026-07-13,COLLECTED,2026-07-12T16:01:00-04:00,1.0
2026-07-14,COLLECTED,2026-07-13T15:58:00-04:00,1.0
2026-07-15,NO_COMMON_MINUTE,,
2026-07-16,NO_COMMON_MINUTE,,
2026-07-17,NO_COMMON_MINUTE,,
2026-07-18,COLLECTED,2026-07-17T16:01:00-04:00,1.0
2026-07-19,COLLECTED,2026-07-18T16:01:00-04:00,1.0
2026-07-20,COLLECTED,2026-07-19T15:57:00-04:00,4.0
2026-07-21,COLLECTED,2026-07-20T15:51:00-04:00,7.0
2026-07-22,NO_COMMON_MINUTE,,
2026-07-23,NO_COMMON_MINUTE,,
2026-07-24,COLLECTED,2026-07-23T16:01:00-04:00,1.0
2026-07-25,NO_COMMON_MINUTE,,
2026-07-26,COLLECTED,2026-07-25T16:01:00-04:00,1.0
2026-07-27,NO_COMMON_MINUTE,,
2026-07-28,COLLECTED,2026-07-27T15:53:00-04:00,5.0
2026-07-29,COLLECTED,2026-07-28T15:59:00-04:00,3.0
2026-07-30,COLLECTED,2026-07-29T16:02:00-04:00,2.0
2026-07-31,NO_COMMON_MINUTE,,
2026-08-01,COLLECTED,2026-07-31T15:50:00-04:00,1.0
2026-08-02,NO_COMMON_MINUTE,,
2026-08-03,COLLECTED,2026-08-02T16:01:00-04:00,1.0
2026-08-04,NO_COMMON_MINUTE,,
2026-08-05,NO_COMMON_MINUTE,,
2026-08-06,NO_COMMON_MINUTE,,
2026-08-07,COLLECTED,2026-08-06T16:01:00-04:00,1.0
2026-08-08,COLLECTED,2026-08-07T16:01:00-04:00,1.0
2026-08-09,COLLECTED,2026-08-08T16:01:00-04:00,1.0
2026-08-10,NO_COMMON_MINUTE,,
2026-08-11,NO_COMMON_MINUTE,,
2026-08-12,NO_COMMON_MINUTE,,
2026-08-13,NO_COMMON_MINUTE,,
2026-08-14,NO_COMMON_MINUTE,,
2026-08-15,NO_COMMON_MINUTE,,
2026-08-16,NO_COMMON_MINUTE,,
2026-08-17,COLLECTED,2026-08-16T16:01:00-04:00,1.0
2026-08-18,COLLECTED,2026-08-17T16:01:00-04:00,1.0
2026-08-19,NO_COMMON_MINUTE,,
2026-08-20,NO_COMMON_MINUTE,,
2026-08-21,NO_COMMON_MINUTE,,
2026-08-22,COLLECTED,2026-08-21T15:51:00-04:00,5.0
2026-08-23,COLLECTED,2026-08-22T16:00:00-04:00,2.0
2026-08-24,NO_COMMON_MINUTE,,
2026-08-25,NO_COMMON_MINUTE,,
2026-08-26,NO_COMMON_MINUTE,,
