target_date,event_ticker,ticker,decision_time,quote_time,quote_age_minutes,yes_bid,yes_ask,no_bid,no_ask,market_status,result,settlement_value,candle_source,selection_policy
2026-06-06,KXHIGHNY-26JUN06,KXHIGHNY-26JUN06-B87.5,2026-06-05T20:05:00+00:00,2026-06-05T19:54:00+00:00,11.0,0.06,0.09,0.91,0.94,finalized,yes,1.0000,HISTORICAL,first_common_1550_1605_new_york
2026-06-06,KXHIGHNY-26JUN06,KXHIGHNY-26JUN06-B89.5,2026-06-05T20:05:00+00:00,2026-06-05T19:54:00+00:00,11.0,0.31,0.33,0.6699999999999999,0.69,finalized,no,0.0000,HISTORICAL,first_common_1550_1605_new_york
2026-06-06,KXHIGHNY-26JUN06,KXHIGHNY-26JUN06-B91.5,2026-06-05T20:05:00+00:00,2026-06-05T19:54:00+00:00,11.0,0.48,0.52,0.48,0.52,finalized,no,0.0000,HISTORICAL,first_common_1550_1605_new_york
2026-06-06,KXHIGHNY-26JUN06,KXHIGHNY-26JUN06-B93.5,2026-06-05T20:05:00+00:00,2026-06-05T19:54:00+00:00,11.0,0.1,0.14,0.86,0.9,finalized,no,0.0000,HISTORICAL,first_common_1550_1605_new_york
2026-06-06,KXHIGHNY-26JUN06,KXHIGHNY-26JUN06-T87,2026-06-05T20:05:00+00:00,2026-06-05T19:54:00+00:00,11.0,0.0,0.01,0.99,1.0,finalized,no,0.0000,HISTORICAL,first_common_1550_1605_new_york
2026-06-06,KXHIGHNY-26JUN06,KXHIGHNY-26JUN06-T94,2026-06-05T20:05:00+00:00,2026-06-05T19:54:00+00:00,11.0,0.01,0.02,0.98,0.99,finalized,no,0.0000,HISTORICAL,first_common_1550_1605_new_york
2026-06-08,KXHIGHNY-26JUN08,KXHIGHNY-26JUN08-B72.5,2026-06-07T20:05:00+00:00,2026-06-07T20:02:00+00:00,3.0,0.07,0.12,0.88,0.9299999999999999,finalized,no,0.0000,HISTORICAL,first_common_1550_1605_new_york
2026-06-08,KXHIGHNY-26JUN08,KXHIGHNY-26JUN08-B74.5,2026-06-07T20:05:00+00:00,2026-06-07T20:02:00+00:00,3.0,0.3,0.31,0.69,0.7,finalized,yes,1.0000,HISTORICAL,first_common_1550_1605_new_york
2026-06-08,KXHIGHNY-26JUN08,KXHIGHNY-26JUN08-B76.5,2026-06-07T20:05:00+00:00,2026-06-07T20:02:00+00:00,3.0,0.41,0.43,0.5700000000000001,0.5900000000000001,finalized,no,0.0000,HISTORICAL,first_common_1550_1605_new_york
2026-06-08,KXHIGHNY-26JUN08,KXHIGHNY-26JUN08-B78.5,2026-06-07T20:05:00+00:00,2026-06-07T20:02:00+00:00,3.0,0.17,0.18,0.8200000000000001,0.83,finalized,no,0.0000,HISTORICAL,first_common_1550_1605_new_york
2026-06-08,KXHIGHNY-26JUN08,KXHIGHNY-26JUN08-T72,2026-06-07T20:05:00+00:00,2026-06-07T20:02:00+00:00,3.0,0.0,0.01,0.99,1.0,finalized,no,0.0000,HISTORICAL,first_common_1550_1605_new_york
2026-06-08,KXHIGHNY-26JUN08,KXHIGHNY-26JUN08-T79,2026-06-07T20:05:00+00:00,2026-06-07T20:02:00+00:00,3.0,0.03,0.05,0.95,0.97,finalized,no,0.0000,HISTORICAL,first_common_1550_1605_new_york
2026-06-09,KXHIGHNY-26JUN09,KXHIGHNY-26JUN09-B78.5,2026-06-08T20:05:00+00:00,2026-06-08T19:57:00+00:00,8.0,0.23,0.24,0.76,0.77,finalized,yes,1.0000,HISTORICAL,first_common_1550_1605_new_york
2026-06-09,KXHIGHNY-26JUN09,KXHIGHNY-26JUN09-B80.5,2026-06-08T20:05:00+00:00,2026-06-08T19:57:00+00:00,8.0,0.47,0.48,0.52,0.53,finalized,no,0.0000,HISTORICAL,first_common_1550_1605_new_york
2026-06-09,KXHIGHNY-26JUN09,KXHIGHNY-26JUN09-B82.5,2026-06-08T20:05:00+00:00,2026-06-08T19:57:00+00:00,8.0,0.17,0.18,0.8200000000000001,0.83,finalized,no,0.0000,HISTORICAL,first_common_1550_1605_new_york
2026-06-09,KXHIGHNY-26JUN09,KXHIGHNY-26JUN09-B84.5,2026-06-08T20:05:00+00:00,2026-06-08T19:57:00+00:00,8.0,0.05,0.06,0.94,0.95,finalized,no,0.0000,HISTORICAL,first_common_1550_1605_new_york
2026-06-09,KXHIGHNY-26JUN09,KXHIGHNY-26JUN09-T78,2026-06-08T20:05:00+00:00,2026-06-08T19:57:00+00:00,8.0,0.07,0.09,0.91,0.9299999999999999,finalized,no,0.0000,HISTORICAL,first_common_1550_1605_new_york
2026-06-09,KXHIGHNY-26JUN09,KXHIGHNY-26JUN09-T85,2026-06-08T20:05:00+00:00,2026-06-08T19:57:00+00:00,8.0,0.0,0.01,0.99,1.0,finalized,no,0.0000,HISTORICAL,first_common_1550_1605_new_york
2026-06-10,KXHIGHNY-26JUN10,KXHIGHNY-26JUN10-B75.5,2026-06-09T20:05:00+00:00,2026-06-09T20:02:00+00:00,3.0,0.11,0.12,0.88,0.89,finalized,no,0.0000,HISTORICAL,first_common_1550_1605_new_york
2026-06-10,KXHIGHNY-26JUN10,KXHIGHNY-26JUN10-B77.5,2026-06-09T20:05:00+00:00,2026-06-09T20:02:00+00:00,3.0,0.32,0.33,0.6699999999999999,0.6799999999999999,finalized,no,0.0000,HISTORICAL,first_common_1550_1605_new_york
2026-06-10,KXHIGHNY-26JUN10,KXHIGHNY-26JUN10-B79.5,2026-06-09T20:05:00+00:00,2026-06-09T20:02:00+00:00,3.0,0.35,0.36,0.64,0.65,finalized,no,0.0000,HISTORICAL,first_common_1550_1605_new_york
2026-06-10,KXHIGHNY-26JUN10,KXHIGHNY-26JUN10-B81.5,2026-06-09T20:05:00+00:00,2026-06-09T20:02:00+00:00,3.0,0.12,0.13,0.87,0.88,finalized,yes,1.0000,HISTORICAL,first_common_1550_1605_new_york
2026-06-10,KXHIGHNY-26JUN10,KXHIGHNY-26JUN10-T75,2026-06-09T20:05:00+00:00,2026-06-09T20:02:00+00:00,3.0,0.01,0.04,0.96,0.99,finalized,no,0.0000,HISTORICAL,first_common_1550_1605_new_york
2026-06-10,KXHIGHNY-26JUN10,KXHIGHNY-26JUN10-T82,2026-06-09T20:05:00+00:00,2026-06-09T20:02:00+00:00,3.0,0.06,0.07,0.9299999999999999,0.94,finalized,no,0.0000,HISTORICAL,first_common_1550_1605_new_york
2026-06-12,KXHIGHNY-26JUN12,KXHIGHNY-26JUN12-B90.5,2026-06-11T20:05:00+00:00,2026-06-11T19:50:00+00:00,15.0,0.13,0.15,0.85,0.87,finalized,yes,1.0000,HISTORICAL,first_common_1550_1605_new_york
2026-06-12,KXHIGHNY-26JUN12,KXHIGHNY-26JUN12-B92.5,2026-06-11T20:05:00+00:00,2026-06-11T19:50:00+00:00,15.0,0.46,0.47,0.53,0.54,finalized,no,0.0000,HISTORICAL,first_common_1550_1605_new_york
2026-06-12,KXHIGHNY-26JUN12,KXHIGHNY-26JUN12-B94.5,2026-06-11T20:05:00+00:00,2026-06-11T19:50:00+00:00,15.0,0.28,0.29,0.71,0.72,finalized,no,0.0000,HISTORICAL,first_common_1550_1605_new_york
2026-06-12,KXHIGHNY-26JUN12,KXHIGHNY-26JUN12-B96.5,2026-06-11T20:05:00+00:00,2026-06-11T19:50:00+00:00,15.0,0.1,0.11,0.89,0.9,finalized,no,0.0000,HISTORICAL,first_common_1550_1605_new_york
2026-06-12,KXHIGHNY-26JUN12,KXHIGHNY-26JUN12-T90,2026-06-11T20:05:00+00:00,2026-06-11T19:50:00+00:00,15.0,0.01,0.02,0.98,0.99,finalized,no,0.0000,HISTORICAL,first_common_1550_1605_new_york
2026-06-12,KXHIGHNY-26JUN12,KXHIGHNY-26JUN12-T97,2026-06-11T20:05:00+00:00,2026-06-11T19:50:00+00:00,15.0,0.01,0.02,0.98,0.99,finalized,no,0.0000,HISTORICAL,first_common_1550_1605_new_york
2026-06-14,KXHIGHNY-26JUN14,KXHIGHNY-26JUN14-B85.5,2026-06-13T20:05:00+00:00,2026-06-13T20:01:00+00:00,4.0,0.29,0.3,0.7,0.71,finalized,no,0.0000,HISTORICAL,first_common_1550_1605_new_york
2026-06-14,KXHIGHNY-26JUN14,KXHIGHNY-26JUN14-B87.5,2026-06-13T20:05:00+00:00,2026-06-13T20:01:00+00:00,4.0,0.36,0.37,0.63,0.64,finalized,yes,1.0000,HISTORICAL,first_common_1550_1605_new_york
2026-06-14,KXHIGHNY-26JUN14,KXHIGHNY-26JUN14-B89.5,2026-06-13T20:05:00+00:00,2026-06-13T20:01:00+00:00,4.0,0.09,0.1,0.9,0.91,finalized,no,0.0000,HISTORICAL,first_common_1550_1605_new_york
2026-06-14,KXHIGHNY-26JUN14,KXHIGHNY-26JUN14-B91.5,2026-06-13T20:05:00+00:00,2026-06-13T20:01:00+00:00,4.0,0.05,0.06,0.94,0.95,finalized,no,0.0000,HISTORICAL,first_common_1550_1605_new_york
2026-06-14,KXHIGHNY-26JUN14,KXHIGHNY-26JUN14-T85,2026-06-13T20:05:00+00:00,2026-06-13T20:01:00+00:00,4.0,0.12,0.14,0.86,0.88,finalized,no,0.0000,HISTORICAL,first_common_1550_1605_new_york
2026-06-14,KXHIGHNY-26JUN14,KXHIGHNY-26JUN14-T92,2026-06-13T20:05:00+00:00,2026-06-13T20:01:00+00:00,4.0,0.01,0.02,0.98,0.99,finalized,no,0.0000,HISTORICAL,first_common_1550_1605_new_york
2026-06-22,KXHIGHNY-26JUN22,KXHIGHNY-26JUN22-B72.5,2026-06-21T20:05:00+00:00,2026-06-21T19:58:00+00:00,7.0,0.18,0.21,0.79,0.8200000000000001,finalized,yes,1.0000,HISTORICAL,first_common_1550_1605_new_york
2026-06-22,KXHIGHNY-26JUN22,KXHIGHNY-26JUN22-B74.5,2026-06-21T20:05:00+00:00,2026-06-21T19:58:00+00:00,7.0,0.29,0.3,0.7,0.71,finalized,no,0.0000,HISTORICAL,first_common_1550_1605_new_york
2026-06-22,KXHIGHNY-26JUN22,KXHIGHNY-26JUN22-B76.5,2026-06-21T20:05:00+00:00,2026-06-21T19:58:00+00:00,7.0,0.37,0.38,0.62,0.63,finalized,no,0.0000,HISTORICAL,first_common_1550_1605_new_york
2026-06-22,KXHIGHNY-26JUN22,KXHIGHNY-26JUN22-B78.5,2026-06-21T20:05:00+00:00,2026-06-21T19:58:00+00:00,7.0,0.05,0.07,0.9299999999999999,0.95,finalized,no,0.0000,HISTORICAL,first_common_1550_1605_new_york
2026-06-22,KXHIGHNY-26JUN22,KXHIGHNY-26JUN22-T72,2026-06-21T20:05:00+00:00,2026-06-21T19:58:00+00:00,7.0,0.03,0.05,0.95,0.97,finalized,no,0.0000,HISTORICAL,first_common_1550_1605_new_york
2026-06-22,KXHIGHNY-26JUN22,KXHIGHNY-26JUN22-T79,2026-06-21T20:05:00+00:00,2026-06-21T19:58:00+00:00,7.0,0.03,0.04,0.96,0.97,finalized,no,0.0000,HISTORICAL,first_common_1550_1605_new_york
2026-06-24,KXHIGHNY-26JUN24,KXHIGHNY-26JUN24-B82.5,2026-06-23T20:05:00+00:00,2026-06-23T20:01:00+00:00,4.0,0.36,0.39,0.61,0.64,finalized,yes,1.0000,HISTORICAL,first_common_1550_1605_new_york
2026-06-24,KXHIGHNY-26JUN24,KXHIGHNY-26JUN24-B84.5,2026-06-23T20:05:00+00:00,2026-06-23T20:01:00+00:00,4.0,0.06,0.07,0.9299999999999999,0.94,finalized,no,0.0000,HISTORICAL,first_common_1550_1605_new_york
2026-06-24,KXHIGHNY-26JUN24,KXHIGHNY-26JUN24-B86.5,2026-06-23T20:05:00+00:00,2026-06-23T20:01:00+00:00,4.0,0.01,0.02,0.98,0.99,finalized,no,0.0000,HISTORICAL,first_common_1550_1605_new_york
2026-06-24,KXHIGHNY-26JUN24,KXHIGHNY-26JUN24-B88.5,2026-06-23T20:05:00+00:00,2026-06-23T20:01:00+00:00,4.0,0.01,0.02,0.98,0.99,finalized,no,0.0000,HISTORICAL,first_common_1550_1605_new_york
2026-06-24,KXHIGHNY-26JUN24,KXHIGHNY-26JUN24-T82,2026-06-23T20:05:00+00:00,2026-06-23T20:01:00+00:00,4.0,0.55,0.56,0.43999999999999995,0.44999999999999996,finalized,no,0.0000,HISTORICAL,first_common_1550_1605_new_york
2026-06-24,KXHIGHNY-26JUN24,KXHIGHNY-26JUN24-T89,2026-06-23T20:05:00+00:00,2026-06-23T20:01:00+00:00,4.0,0.0,0.01,0.99,1.0,finalized,no,0.0000,HISTORICAL,first_common_1550_1605_new_york
2026-06-25,KXHIGHNY-26JUN25,KXHIGHNY-26JUN25-B79.5,2026-06-24T20:05:00+00:00,2026-06-24T19:50:00+00:00,15.0,0.2,0.21,0.79,0.8,finalized,no,0.0000,HISTORICAL,first_common_1550_1605_new_york
2026-06-25,KXHIGHNY-26JUN25,KXHIGHNY-26JUN25-B81.5,2026-06-24T20:05:00+00:00,2026-06-24T19:50:00+00:00,15.0,0.38,0.41,0.5900000000000001,0.62,finalized,no,0.0000,HISTORICAL,first_common_1550_1605_new_york
2026-06-25,KXHIGHNY-26JUN25,KXHIGHNY-26JUN25-B83.5,2026-06-24T20:05:00+00:00,2026-06-24T19:50:00+00:00,15.0,0.3,0.35,0.65,0.7,finalized,yes,1.0000,HISTORICAL,first_common_1550_1605_new_york
2026-06-25,KXHIGHNY-26JUN25,KXHIGHNY-26JUN25-B85.5,2026-06-24T20:05:00+00:00,2026-06-24T19:50:00+00:00,15.0,0.06,0.07,0.9299999999999999,0.94,finalized,no,0.0000,HISTORICAL,first_common_1550_1605_new_york
2026-06-25,KXHIGHNY-26JUN25,KXHIGHNY-26JUN25-T79,2026-06-24T20:05:00+00:00,2026-06-24T19:50:00+00:00,15.0,0.03,0.04,0.96,0.97,finalized,no,0.0000,HISTORICAL,first_common_1550_1605_new_york
2026-06-25,KXHIGHNY-26JUN25,KXHIGHNY-26JUN25-T86,2026-06-24T20:05:00+00:00,2026-06-24T19:50:00+00:00,15.0,0.01,0.02,0.98,0.99,finalized,no,0.0000,HISTORICAL,first_common_1550_1605_new_york
2026-06-26,KXHIGHNY-26JUN26,KXHIGHNY-26JUN26-B81.5,2026-06-25T20:05:00+00:00,2026-06-25T20:01:00+00:00,4.0,0.17,0.18,0.8200000000000001,0.83,finalized,no,0.0000,HISTORICAL,first_common_1550_1605_new_york
2026-06-26,KXHIGHNY-26JUN26,KXHIGHNY-26JUN26-B83.5,2026-06-25T20:05:00+00:00,2026-06-25T20:01:00+00:00,4.0,0.41,0.42,0.5800000000000001,0.5900000000000001,finalized,no,0.0000,HISTORICAL,first_common_1550_1605_new_york
2026-06-26,KXHIGHNY-26JUN26,KXHIGHNY-26JUN26-B85.5,2026-06-25T20:05:00+00:00,2026-06-25T20:01:00+00:00,4.0,0.23,0.25,0.75,0.77,finalized,no,0.0000,HISTORICAL,first_common_1550_1605_new_york
2026-06-26,KXHIGHNY-26JUN26,KXHIGHNY-26JUN26-B87.5,2026-06-25T20:05:00+00:00,2026-06-25T20:01:00+00:00,4.0,0.05,0.06,0.94,0.95,finalized,no,0.0000,HISTORICAL,first_common_1550_1605_new_york
2026-06-26,KXHIGHNY-26JUN26,KXHIGHNY-26JUN26-T81,2026-06-25T20:05:00+00:00,2026-06-25T20:01:00+00:00,4.0,0.04,0.05,0.95,0.96,finalized,yes,1.0000,HISTORICAL,first_common_1550_1605_new_york
2026-06-26,KXHIGHNY-26JUN26,KXHIGHNY-26JUN26-T88,2026-06-25T20:05:00+00:00,2026-06-25T20:01:00+00:00,4.0,0.02,0.03,0.97,0.98,finalized,no,0.0000,HISTORICAL,first_common_1550_1605_new_york
2026-06-27,KXHIGHNY-26JUN27,KXHIGHNY-26JUN27-B76.5,2026-06-26T20:05:00+00:00,2026-06-26T20:01:00+00:00,4.0,0.38,0.39,0.61,0.62,finalized,no,0.0000,HISTORICAL,first_common_1550_1605_new_york
2026-06-27,KXHIGHNY-26JUN27,KXHIGHNY-26JUN27-B78.5,2026-06-26T20:05:00+00:00,2026-06-26T20:01:00+00:00,4.0,0.22,0.23,0.77,0.78,finalized,yes,1.0000,HISTORICAL,first_common_1550_1605_new_york
2026-06-27,KXHIGHNY-26JUN27,KXHIGHNY-26JUN27-B80.5,2026-06-26T20:05:00+00:00,2026-06-26T20:01:00+00:00,4.0,0.06,0.07,0.9299999999999999,0.94,finalized,no,0.0000,HISTORICAL,first_common_1550_1605_new_york
2026-06-27,KXHIGHNY-26JUN27,KXHIGHNY-26JUN27-B82.5,2026-06-26T20:05:00+00:00,2026-06-26T20:01:00+00:00,4.0,0.03,0.04,0.96,0.97,finalized,no,0.0000,HISTORICAL,first_common_1550_1605_new_york
2026-06-27,KXHIGHNY-26JUN27,KXHIGHNY-26JUN27-T76,2026-06-26T20:05:00+00:00,2026-06-26T20:01:00+00:00,4.0,0.28,0.29,0.71,0.72,finalized,no,0.0000,HISTORICAL,first_common_1550_1605_new_york
2026-06-27,KXHIGHNY-26JUN27,KXHIGHNY-26JUN27-T83,2026-06-26T20:05:00+00:00,2026-06-26T20:01:00+00:00,4.0,0.0,0.01,0.99,1.0,finalized,no,0.0000,HISTORICAL,first_common_1550_1605_new_york
2026-06-28,KXHIGHNY-26JUN28,KXHIGHNY-26JUN28-B77.5,2026-06-27T20:05:00+00:00,2026-06-27T19:50:00+00:00,15.0,0.26,0.27,0.73,0.74,finalized,no,0.0000,HISTORICAL,first_common_1550_1605_new_york
2026-06-28,KXHIGHNY-26JUN28,KXHIGHNY-26JUN28-B79.5,2026-06-27T20:05:00+00:00,2026-06-27T19:50:00+00:00,15.0,0.4,0.41,0.5900000000000001,0.6,finalized,no,0.0000,HISTORICAL,first_common_1550_1605_new_york
2026-06-28,KXHIGHNY-26JUN28,KXHIGHNY-26JUN28-B81.5,2026-06-27T20:05:00+00:00,2026-06-27T19:50:00+00:00,15.0,0.28,0.29,0.71,0.72,finalized,yes,1.0000,HISTORICAL,first_common_1550_1605_new_york
2026-06-28,KXHIGHNY-26JUN28,KXHIGHNY-26JUN28-B83.5,2026-06-27T20:05:00+00:00,2026-06-27T19:50:00+00:00,15.0,0.05,0.06,0.94,0.95,finalized,no,0.0000,HISTORICAL,first_common_1550_1605_new_york
2026-06-28,KXHIGHNY-26JUN28,KXHIGHNY-26JUN28-T77,2026-06-27T20:05:00+00:00,2026-06-27T19:50:00+00:00,15.0,0.02,0.03,0.97,0.98,finalized,no,0.0000,HISTORICAL,first_common_1550_1605_new_york
2026-06-28,KXHIGHNY-26JUN28,KXHIGHNY-26JUN28-T84,2026-06-27T20:05:00+00:00,2026-06-27T19:50:00+00:00,15.0,0.02,0.03,0.97,0.98,finalized,no,0.0000,HISTORICAL,first_common_1550_1605_new_york
2026-06-29,KXHIGHNY-26JUN29,KXHIGHNY-26JUN29-B79.5,2026-06-28T20:05:00+00:00,2026-06-28T19:59:00+00:00,6.0,0.03,0.04,0.96,0.97,finalized,no,0.0000,HISTORICAL,first_common_1550_1605_new_york
2026-06-29,KXHIGHNY-26JUN29,KXHIGHNY-26JUN29-B81.5,2026-06-28T20:05:00+00:00,2026-06-28T19:59:00+00:00,6.0,0.08,0.09,0.91,0.92,finalized,no,0.0000,HISTORICAL,first_common_1550_1605_new_york
2026-06-29,KXHIGHNY-26JUN29,KXHIGHNY-26JUN29-B83.5,2026-06-28T20:05:00+00:00,2026-06-28T19:59:00+00:00,6.0,0.27,0.28,0.72,0.73,finalized,no,0.0000,HISTORICAL,first_common_1550_1605_new_york
2026-06-29,KXHIGHNY-26JUN29,KXHIGHNY-26JUN29-B85.5,2026-06-28T20:05:00+00:00,2026-06-28T19:59:00+00:00,6.0,0.4,0.41,0.5900000000000001,0.6,finalized,no,0.0000,HISTORICAL,first_common_1550_1605_new_york
2026-06-29,KXHIGHNY-26JUN29,KXHIGHNY-26JUN29-T79,2026-06-28T20:05:00+00:00,2026-06-28T19:59:00+00:00,6.0,0.01,0.02,0.98,0.99,finalized,no,0.0000,HISTORICAL,first_common_1550_1605_new_york
2026-06-29,KXHIGHNY-26JUN29,KXHIGHNY-26JUN29-T86,2026-06-28T20:05:00+00:00,2026-06-28T19:59:00+00:00,6.0,0.18,0.19,0.81,0.8200000000000001,finalized,yes,1.0000,HISTORICAL,first_common_1550_1605_new_york
2026-06-30,KXHIGHNY-26JUN30,KXHIGHNY-26JUN30-B83.5,2026-06-29T20:05:00+00:00,2026-06-29T20:01:00+00:00,4.0,0.01,0.02,0.98,0.99,finalized,no,0.0000,HISTORICAL,first_common_1550_1605_new_york
2026-06-30,KXHIGHNY-26JUN30,KXHIGHNY-26JUN30-B85.5,2026-06-29T20:05:00+00:00,2026-06-29T20:01:00+00:00,4.0,0.06,0.08,0.92,0.94,finalized,no,0.0000,HISTORICAL,first_common_1550_1605_new_york
2026-06-30,KXHIGHNY-26JUN30,KXHIGHNY-26JUN30-B87.5,2026-06-29T20:05:00+00:00,2026-06-29T20:01:00+00:00,4.0,0.44,0.45,0.55,0.56,finalized,yes,1.0000,HISTORICAL,first_common_1550_1605_new_york
2026-06-30,KXHIGHNY-26JUN30,KXHIGHNY-26JUN30-B89.5,2026-06-29T20:05:00+00:00,2026-06-29T20:01:00+00:00,4.0,0.35,0.36,0.64,0.65,finalized,no,0.0000,HISTORICAL,first_common_1550_1605_new_york
2026-06-30,KXHIGHNY-26JUN30,KXHIGHNY-26JUN30-T83,2026-06-29T20:05:00+00:00,2026-06-29T20:01:00+00:00,4.0,0.0,0.01,0.99,1.0,finalized,no,0.0000,HISTORICAL,first_common_1550_1605_new_york
2026-06-30,KXHIGHNY-26JUN30,KXHIGHNY-26JUN30-T90,2026-06-29T20:05:00+00:00,2026-06-29T20:01:00+00:00,4.0,0.12,0.13,0.87,0.88,finalized,no,0.0000,HISTORICAL,first_common_1550_1605_new_york
2026-07-01,KXHIGHNY-26JUL01,KXHIGHNY-26JUL01-B92.5,2026-06-30T20:05:00+00:00,2026-06-30T20:02:00+00:00,3.0,0.29,0.3,0.7,0.71,finalized,yes,1.0000,HISTORICAL,first_common_1550_1605_new_york
2026-07-01,KXHIGHNY-26JUL01,KXHIGHNY-26JUL01-B94.5,2026-06-30T20:05:00+00:00,2026-06-30T20:02:00+00:00,3.0,0.42,0.43,0.5700000000000001,0.5800000000000001,finalized,no,0.0000,HISTORICAL,first_common_1550_1605_new_york
2026-07-01,KXHIGHNY-26JUL01,KXHIGHNY-26JUL01-B96.5,2026-06-30T20:05:00+00:00,2026-06-30T20:02:00+00:00,3.0,0.2,0.21,0.79,0.8,finalized,no,0.0000,HISTORICAL,first_common_1550_1605_new_york
2026-07-01,KXHIGHNY-26JUL01,KXHIGHNY-26JUL01-B98.5,2026-06-30T20:05:00+00:00,2026-06-30T20:02:00+00:00,3.0,0.03,0.04,0.96,0.97,finalized,no,0.0000,HISTORICAL,first_common_1550_1605_new_york
2026-07-01,KXHIGHNY-26JUL01,KXHIGHNY-26JUL01-T92,2026-06-30T20:05:00+00:00,2026-06-30T20:02:00+00:00,3.0,0.09,0.1,0.9,0.91,finalized,no,0.0000,HISTORICAL,first_common_1550_1605_new_york
2026-07-01,KXHIGHNY-26JUL01,KXHIGHNY-26JUL01-T99,2026-06-30T20:05:00+00:00,2026-06-30T20:02:00+00:00,3.0,0.01,0.02,0.98,0.99,finalized,no,0.0000,HISTORICAL,first_common_1550_1605_new_york
2026-07-02,KXHIGHNY-26JUL02,KXHIGHNY-26JUL02-B101.5,2026-07-01T20:05:00+00:00,2026-07-01T20:04:00+00:00,1.0,0.04,0.06,0.94,0.96,finalized,no,0.0000,HISTORICAL,first_common_1550_1605_new_york
2026-07-02,KXHIGHNY-26JUL02,KXHIGHNY-26JUL02-B103.5,2026-07-01T20:05:00+00:00,2026-07-01T20:04:00+00:00,1.0,0.01,0.02,0.98,0.99,finalized,no,0.0000,HISTORICAL,first_common_1550_1605_new_york
2026-07-02,KXHIGHNY-26JUL02,KXHIGHNY-26JUL02-B105.5,2026-07-01T20:05:00+00:00,2026-07-01T20:04:00+00:00,1.0,0.01,0.02,0.98,0.99,finalized,no,0.0000,HISTORICAL,first_common_1550_1605_new_york
2026-07-02,KXHIGHNY-26JUL02,KXHIGHNY-26JUL02-B99.5,2026-07-01T20:05:00+00:00,2026-07-01T20:04:00+00:00,1.0,0.36,0.37,0.63,0.64,finalized,yes,1.0000,HISTORICAL,first_common_1550_1605_new_york
2026-07-02,KXHIGHNY-26JUL02,KXHIGHNY-26JUL02-T106,2026-07-01T20:05:00+00:00,2026-07-01T20:04:00+00:00,1.0,0.0,0.01,0.99,1.0,finalized,no,0.0000,HISTORICAL,first_common_1550_1605_new_york
2026-07-02,KXHIGHNY-26JUL02,KXHIGHNY-26JUL02-T99,2026-07-01T20:05:00+00:00,2026-07-01T20:04:00+00:00,1.0,0.61,0.62,0.38,0.39,finalized,no,0.0000,HISTORICAL,first_common_1550_1605_new_york
2026-07-03,KXHIGHNY-26JUL03,KXHIGHNY-26JUL03-B100.5,2026-07-02T20:05:00+00:00,2026-07-02T20:01:00+00:00,4.0,0.51,0.53,0.47,0.49,finalized,no,0.0000,HISTORICAL,first_common_1550_1605_new_york
2026-07-03,KXHIGHNY-26JUL03,KXHIGHNY-26JUL03-B102.5,2026-07-02T20:05:00+00:00,2026-07-02T20:01:00+00:00,4.0,0.11,0.12,0.88,0.89,finalized,no,0.0000,HISTORICAL,first_common_1550_1605_new_york
2026-07-03,KXHIGHNY-26JUL03,KXHIGHNY-26JUL03-B104.5,2026-07-02T20:05:00+00:00,2026-07-02T20:01:00+00:00,4.0,0.02,0.03,0.97,0.98,finalized,no,0.0000,HISTORICAL,first_common_1550_1605_new_york
2026-07-03,KXHIGHNY-26JUL03,KXHIGHNY-26JUL03-B98.5,2026-07-02T20:05:00+00:00,2026-07-02T20:01:00+00:00,4.0,0.24,0.25,0.75,0.76,finalized,yes,1.0000,HISTORICAL,first_common_1550_1605_new_york
2026-07-03,KXHIGHNY-26JUL03,KXHIGHNY-26JUL03-T105,2026-07-02T20:05:00+00:00,2026-07-02T20:01:00+00:00,4.0,0.0,0.01,0.99,1.0,finalized,no,0.0000,HISTORICAL,first_common_1550_1605_new_york
2026-07-03,KXHIGHNY-26JUL03,KXHIGHNY-26JUL03-T98,2026-07-02T20:05:00+00:00,2026-07-02T20:01:00+00:00,4.0,0.06,0.07,0.9299999999999999,0.94,finalized,no,0.0000,HISTORICAL,first_common_1550_1605_new_york
2026-07-04,KXHIGHNY-26JUL04,KXHIGHNY-26JUL04-B100.5,2026-07-03T20:05:00+00:00,2026-07-03T20:01:00+00:00,4.0,0.04,0.05,0.95,0.96,finalized,no,0.0000,HISTORICAL,first_common_1550_1605_new_york
2026-07-04,KXHIGHNY-26JUL04,KXHIGHNY-26JUL04-B102.5,2026-07-03T20:05:00+00:00,2026-07-03T20:01:00+00:00,4.0,0.01,0.02,0.98,0.99,finalized,no,0.0000,HISTORICAL,first_common_1550_1605_new_york
2026-07-04,KXHIGHNY-26JUL04,KXHIGHNY-26JUL04-B104.5,2026-07-03T20:05:00+00:00,2026-07-03T20:01:00+00:00,4.0,0.0,0.02,0.98,1.0,finalized,no,0.0000,HISTORICAL,first_common_1550_1605_new_york
2026-07-04,KXHIGHNY-26JUL04,KXHIGHNY-26JUL04-B98.5,2026-07-03T20:05:00+00:00,2026-07-03T20:01:00+00:00,4.0,0.23,0.24,0.76,0.77,finalized,no,0.0000,HISTORICAL,first_common_1550_1605_new_york
2026-07-04,KXHIGHNY-26JUL04,KXHIGHNY-26JUL04-T105,2026-07-03T20:05:00+00:00,2026-07-03T20:01:00+00:00,4.0,0.0,0.01,0.99,1.0,finalized,no,0.0000,HISTORICAL,first_common_1550_1605_new_york
2026-07-04,KXHIGHNY-26JUL04,KXHIGHNY-26JUL04-T98,2026-07-03T20:05:00+00:00,2026-07-03T20:01:00+00:00,4.0,0.69,0.7,0.30000000000000004,0.31000000000000005,finalized,yes,1.0000,HISTORICAL,first_common_1550_1605_new_york
2026-07-05,KXHIGHNY-26JUL05,KXHIGHNY-26JUL05-B84.5,2026-07-04T20:05:00+00:00,2026-07-04T20:01:00+00:00,4.0,0.31,0.32,0.6799999999999999,0.69,finalized,no,0.0000,HISTORICAL,first_common_1550_1605_new_york
2026-07-05,KXHIGHNY-26JUL05,KXHIGHNY-26JUL05-B86.5,2026-07-04T20:05:00+00:00,2026-07-04T20:01:00+00:00,4.0,0.12,0.13,0.87,0.88,finalized,no,0.0000,HISTORICAL,first_common_1550_1605_new_york
2026-07-05,KXHIGHNY-26JUL05,KXHIGHNY-26JUL05-B88.5,2026-07-04T20:05:00+00:00,2026-07-04T20:01:00+00:00,4.0,0.03,0.04,0.96,0.97,finalized,no,0.0000,HISTORICAL,first_common_1550_1605_new_york
2026-07-05,KXHIGHNY-26JUL05,KXHIGHNY-26JUL05-B90.5,2026-07-04T20:05:00+00:00,2026-07-04T20:01:00+00:00,4.0,0.01,0.02,0.98,0.99,finalized,no,0.0000,HISTORICAL,first_common_1550_1605_new_york
2026-07-05,KXHIGHNY-26JUL05,KXHIGHNY-26JUL05-T84,2026-07-04T20:05:00+00:00,2026-07-04T20:01:00+00:00,4.0,0.52,0.54,0.45999999999999996,0.48,finalized,yes,1.0000,HISTORICAL,first_common_1550_1605_new_york
2026-07-05,KXHIGHNY-26JUL05,KXHIGHNY-26JUL05-T91,2026-07-04T20:05:00+00:00,2026-07-04T20:01:00+00:00,4.0,0.0,0.02,0.98,1.0,finalized,no,0.0000,HISTORICAL,first_common_1550_1605_new_york
2026-07-06,KXHIGHNY-26JUL06,KXHIGHNY-26JUL06-B75.5,2026-07-05T20:05:00+00:00,2026-07-05T20:03:00+00:00,2.0,0.1,0.11,0.89,0.9,finalized,no,0.0000,HISTORICAL,first_common_1550_1605_new_york
2026-07-06,KXHIGHNY-26JUL06,KXHIGHNY-26JUL06-B77.5,2026-07-05T20:05:00+00:00,2026-07-05T20:03:00+00:00,2.0,0.02,0.03,0.97,0.98,finalized,no,0.0000,HISTORICAL,first_common_1550_1605_new_york
2026-07-06,KXHIGHNY-26JUL06,KXHIGHNY-26JUL06-B79.5,2026-07-05T20:05:00+00:00,2026-07-05T20:03:00+00:00,2.0,0.01,0.02,0.98,0.99,finalized,no,0.0000,HISTORICAL,first_common_1550_1605_new_york
2026-07-06,KXHIGHNY-26JUL06,KXHIGHNY-26JUL06-B81.5,2026-07-05T20:05:00+00:00,2026-07-05T20:03:00+00:00,2.0,0.01,0.02,0.98,0.99,finalized,no,0.0000,HISTORICAL,first_common_1550_1605_new_york
2026-07-06,KXHIGHNY-26JUL06,KXHIGHNY-26JUL06-T75,2026-07-05T20:05:00+00:00,2026-07-05T20:03:00+00:00,2.0,0.86,0.87,0.13,0.14,finalized,yes,1.0000,HISTORICAL,first_common_1550_1605_new_york
2026-07-06,KXHIGHNY-26JUL06,KXHIGHNY-26JUL06-T82,2026-07-05T20:05:00+00:00,2026-07-05T20:03:00+00:00,2.0,0.0,0.01,0.99,1.0,finalized,no,0.0000,HISTORICAL,first_common_1550_1605_new_york
2026-07-09,KXHIGHNY-26JUL09,KXHIGHNY-26JUL09-B83.5,2026-07-08T20:05:00+00:00,2026-07-08T20:01:00+00:00,4.0,0.3,0.31,0.69,0.7,finalized,no,0.0000,HISTORICAL,first_common_1550_1605_new_york
2026-07-09,KXHIGHNY-26JUL09,KXHIGHNY-26JUL09-B85.5,2026-07-08T20:05:00+00:00,2026-07-08T20:01:00+00:00,4.0,0.3,0.31,0.69,0.7,finalized,no,0.0000,HISTORICAL,first_common_1550_1605_new_york
2026-07-09,KXHIGHNY-26JUL09,KXHIGHNY-26JUL09-B87.5,2026-07-08T20:05:00+00:00,2026-07-08T20:01:00+00:00,4.0,0.1,0.11,0.89,0.9,finalized,no,0.0000,HISTORICAL,first_common_1550_1605_new_york
2026-07-09,KXHIGHNY-26JUL09,KXHIGHNY-26JUL09-B89.5,2026-07-08T20:05:00+00:00,2026-07-08T20:01:00+00:00,4.0,0.01,0.02,0.98,0.99,finalized,no,0.0000,HISTORICAL,first_common_1550_1605_new_york
2026-07-09,KXHIGHNY-26JUL09,KXHIGHNY-26JUL09-T83,2026-07-08T20:05:00+00:00,2026-07-08T20:01:00+00:00,4.0,0.24,0.25,0.75,0.76,finalized,yes,1.0000,HISTORICAL,first_common_1550_1605_new_york
2026-07-09,KXHIGHNY-26JUL09,KXHIGHNY-26JUL09-T90,2026-07-08T20:05:00+00:00,2026-07-08T20:01:00+00:00,4.0,0.0,0.01,0.99,1.0,finalized,no,0.0000,HISTORICAL,first_common_1550_1605_new_york
2026-07-10,KXHIGHNY-26JUL10,KXHIGHNY-26JUL10-B87.5,2026-07-09T20:05:00+00:00,2026-07-09T19:54:00+00:00,11.0,0.32,0.33,0.6699999999999999,0.6799999999999999,finalized,no,0.0000,HISTORICAL,first_common_1550_1605_new_york
2026-07-10,KXHIGHNY-26JUL10,KXHIGHNY-26JUL10-B89.5,2026-07-09T20:05:00+00:00,2026-07-09T19:54:00+00:00,11.0,0.25,0.27,0.73,0.75,finalized,no,0.0000,HISTORICAL,first_common_1550_1605_new_york
2026-07-10,KXHIGHNY-26JUL10,KXHIGHNY-26JUL10-B91.5,2026-07-09T20:05:00+00:00,2026-07-09T19:54:00+00:00,11.0,0.06,0.07,0.9299999999999999,0.94,finalized,no,0.0000,HISTORICAL,first_common_1550_1605_new_york
2026-07-10,KXHIGHNY-26JUL10,KXHIGHNY-26JUL10-B93.5,2026-07-09T20:05:00+00:00,2026-07-09T19:54:00+00:00,11.0,0.02,0.04,0.96,0.98,finalized,no,0.0000,HISTORICAL,first_common_1550_1605_new_york
2026-07-10,KXHIGHNY-26JUL10,KXHIGHNY-26JUL10-T87,2026-07-09T20:05:00+00:00,2026-07-09T19:54:00+00:00,11.0,0.32,0.33,0.6699999999999999,0.6799999999999999,finalized,yes,1.0000,HISTORICAL,first_common_1550_1605_new_york
2026-07-10,KXHIGHNY-26JUL10,KXHIGHNY-26JUL10-T94,2026-07-09T20:05:00+00:00,2026-07-09T19:54:00+00:00,11.0,0.0,0.02,0.98,1.0,finalized,no,0.0000,HISTORICAL,first_common_1550_1605_new_york
2026-07-11,KXHIGHNY-26JUL11,KXHIGHNY-26JUL11-B81.5,2026-07-10T20:05:00+00:00,2026-07-10T20:01:00+00:00,4.0,0.23,0.24,0.76,0.77,finalized,yes,1.0000,HISTORICAL,first_common_1550_1605_new_york
2026-07-11,KXHIGHNY-26JUL11,KXHIGHNY-26JUL11-B83.5,2026-07-10T20:05:00+00:00,2026-07-10T20:01:00+00:00,4.0,0.08,0.09,0.91,0.92,finalized,no,0.0000,HISTORICAL,first_common_1550_1605_new_york
2026-07-11,KXHIGHNY-26JUL11,KXHIGHNY-26JUL11-B85.5,2026-07-10T20:05:00+00:00,2026-07-10T20:01:00+00:00,4.0,0.02,0.04,0.96,0.98,finalized,no,0.0000,HISTORICAL,first_common_1550_1605_new_york
2026-07-11,KXHIGHNY-26JUL11,KXHIGHNY-26JUL11-B87.5,2026-07-10T20:05:00+00:00,2026-07-10T20:01:00+00:00,4.0,0.0,0.01,0.99,1.0,finalized,no,0.0000,HISTORICAL,first_common_1550_1605_new_york
2026-07-11,KXHIGHNY-26JUL11,KXHIGHNY-26JUL11-T81,2026-07-10T20:05:00+00:00,2026-07-10T20:01:00+00:00,4.0,0.62,0.64,0.36,0.38,finalized,no,0.0000,HISTORICAL,first_common_1550_1605_new_york
2026-07-11,KXHIGHNY-26JUL11,KXHIGHNY-26JUL11-T88,2026-07-10T20:05:00+00:00,2026-07-10T20:01:00+00:00,4.0,0.0,0.01,0.99,1.0,finalized,no,0.0000,HISTORICAL,first_common_1550_1605_new_york
2026-07-13,KXHIGHNY-26JUL13,KXHIGHNY-26JUL13-B82.5,2026-07-12T20:05:00+00:00,2026-07-12T20:01:00+00:00,4.0,0.25,0.26,0.74,0.75,finalized,no,0.0000,HISTORICAL,first_common_1550_1605_new_york
2026-07-13,KXHIGHNY-26JUL13,KXHIGHNY-26JUL13-B84.5,2026-07-12T20:05:00+00:00,2026-07-12T20:01:00+00:00,4.0,0.42,0.43,0.5700000000000001,0.5800000000000001,finalized,yes,1.0000,HISTORICAL,first_common_1550_1605_new_york
2026-07-13,KXHIGHNY-26JUL13,KXHIGHNY-26JUL13-B86.5,2026-07-12T20:05:00+00:00,2026-07-12T20:01:00+00:00,4.0,0.23,0.24,0.76,0.77,finalized,no,0.0000,HISTORICAL,first_common_1550_1605_new_york
2026-07-13,KXHIGHNY-26JUL13,KXHIGHNY-26JUL13-B88.5,2026-07-12T20:05:00+00:00,2026-07-12T20:01:00+00:00,4.0,0.02,0.09,0.91,0.98,finalized,no,0.0000,HISTORICAL,first_common_1550_1605_new_york
2026-07-13,KXHIGHNY-26JUL13,KXHIGHNY-26JUL13-T82,2026-07-12T20:05:00+00:00,2026-07-12T20:01:00+00:00,4.0,0.04,0.06,0.94,0.96,finalized,no,0.0000,HISTORICAL,first_common_1550_1605_new_york
2026-07-13,KXHIGHNY-26JUL13,KXHIGHNY-26JUL13-T89,2026-07-12T20:05:00+00:00,2026-07-12T20:01:00+00:00,4.0,0.01,0.02,0.98,0.99,finalized,no,0.0000,HISTORICAL,first_common_1550_1605_new_york
2026-07-14,KXHIGHNY-26JUL14,KXHIGHNY-26JUL14-B90.5,2026-07-13T20:05:00+00:00,2026-07-13T19:58:00+00:00,7.0,0.12,0.13,0.87,0.88,finalized,yes,1.0000,HISTORICAL,first_common_1550_1605_new_york
2026-07-14,KXHIGHNY-26JUL14,KXHIGHNY-26JUL14-B92.5,2026-07-13T20:05:00+00:00,2026-07-13T19:58:00+00:00,7.0,0.34,0.4,0.6,0.6599999999999999,finalized,no,0.0000,HISTORICAL,first_common_1550_1605_new_york
2026-07-14,KXHIGHNY-26JUL14,KXHIGHNY-26JUL14-B94.5,2026-07-13T20:05:00+00:00,2026-07-13T19:58:00+00:00,7.0,0.35,0.36,0.64,0.65,finalized,no,0.0000,HISTORICAL,first_common_1550_1605_new_york
2026-07-14,KXHIGHNY-26JUL14,KXHIGHNY-26JUL14-B96.5,2026-07-13T20:05:00+00:00,2026-07-13T19:58:00+00:00,7.0,0.1,0.11,0.89,0.9,finalized,no,0.0000,HISTORICAL,first_common_1550_1605_new_york
2026-07-14,KXHIGHNY-26JUL14,KXHIGHNY-26JUL14-T90,2026-07-13T20:05:00+00:00,2026-07-13T19:58:00+00:00,7.0,0.04,0.05,0.95,0.96,finalized,no,0.0000,HISTORICAL,first_common_1550_1605_new_york
2026-07-14,KXHIGHNY-26JUL14,KXHIGHNY-26JUL14-T97,2026-07-13T20:05:00+00:00,2026-07-13T19:58:00+00:00,7.0,0.03,0.06,0.94,0.97,finalized,no,0.0000,HISTORICAL,first_common_1550_1605_new_york
2026-07-18,KXHIGHNY-26JUL18,KXHIGHNY-26JUL18-B79.5,2026-07-17T20:05:00+00:00,2026-07-17T20:01:00+00:00,4.0,0.28,0.29,0.71,0.72,finalized,no,0.0000,HISTORICAL,first_common_1550_1605_new_york
2026-07-18,KXHIGHNY-26JUL18,KXHIGHNY-26JUL18-B81.5,2026-07-17T20:05:00+00:00,2026-07-17T20:01:00+00:00,4.0,0.21,0.23,0.77,0.79,finalized,no,0.0000,HISTORICAL,first_common_1550_1605_new_york
2026-07-18,KXHIGHNY-26JUL18,KXHIGHNY-26JUL18-B83.5,2026-07-17T20:05:00+00:00,2026-07-17T20:01:00+00:00,4.0,0.09,0.1,0.9,0.91,finalized,no,0.0000,HISTORICAL,first_common_1550_1605_new_york
2026-07-18,KXHIGHNY-26JUL18,KXHIGHNY-26JUL18-B85.5,2026-07-17T20:05:00+00:00,2026-07-17T20:01:00+00:00,4.0,0.03,0.04,0.96,0.97,finalized,no,0.0000,HISTORICAL,first_common_1550_1605_new_york
2026-07-18,KXHIGHNY-26JUL18,KXHIGHNY-26JUL18-T79,2026-07-17T20:05:00+00:00,2026-07-17T20:01:00+00:00,4.0,0.33,0.36,0.64,0.6699999999999999,finalized,yes,1.0000,HISTORICAL,first_common_1550_1605_new_york
2026-07-18,KXHIGHNY-26JUL18,KXHIGHNY-26JUL18-T86,2026-07-17T20:05:00+00:00,2026-07-17T20:01:00+00:00,4.0,0.03,0.04,0.96,0.97,finalized,no,0.0000,HISTORICAL,first_common_1550_1605_new_york
2026-07-19,KXHIGHNY-26JUL19,KXHIGHNY-26JUL19-B80.5,2026-07-18T20:05:00+00:00,2026-07-18T20:01:00+00:00,4.0,0.35,0.36,0.64,0.65,finalized,no,0.0000,HISTORICAL,first_common_1550_1605_new_york
2026-07-19,KXHIGHNY-26JUL19,KXHIGHNY-26JUL19-B82.5,2026-07-18T20:05:00+00:00,2026-07-18T20:01:00+00:00,4.0,0.27,0.28,0.72,0.73,finalized,no,0.0000,HISTORICAL,first_common_1550_1605_new_york
2026-07-19,KXHIGHNY-26JUL19,KXHIGHNY-26JUL19-B84.5,2026-07-18T20:05:00+00:00,2026-07-18T20:01:00+00:00,4.0,0.07,0.11,0.89,0.9299999999999999,finalized,no,0.0000,HISTORICAL,first_common_1550_1605_new_york
2026-07-19,KXHIGHNY-26JUL19,KXHIGHNY-26JUL19-B86.5,2026-07-18T20:05:00+00:00,2026-07-18T20:01:00+00:00,4.0,0.03,0.05,0.95,0.97,finalized,no,0.0000,HISTORICAL,first_common_1550_1605_new_york
2026-07-19,KXHIGHNY-26JUL19,KXHIGHNY-26JUL19-T80,2026-07-18T20:05:00+00:00,2026-07-18T20:01:00+00:00,4.0,0.22,0.24,0.76,0.78,finalized,yes,1.0000,HISTORICAL,first_common_1550_1605_new_york
2026-07-19,KXHIGHNY-26JUL19,KXHIGHNY-26JUL19-T87,2026-07-18T20:05:00+00:00,2026-07-18T20:01:00+00:00,4.0,0.01,0.02,0.98,0.99,finalized,no,0.0000,HISTORICAL,first_common_1550_1605_new_york
2026-07-20,KXHIGHNY-26JUL20,KXHIGHNY-26JUL20-B77.5,2026-07-19T20:05:00+00:00,2026-07-19T19:57:00+00:00,8.0,0.13,0.15,0.85,0.87,finalized,no,0.0000,HISTORICAL,first_common_1550_1605_new_york
2026-07-20,KXHIGHNY-26JUL20,KXHIGHNY-26JUL20-B79.5,2026-07-19T20:05:00+00:00,2026-07-19T19:57:00+00:00,8.0,0.27,0.28,0.72,0.73,finalized,no,0.0000,HISTORICAL,first_common_1550_1605_new_york
2026-07-20,KXHIGHNY-26JUL20,KXHIGHNY-26JUL20-B81.5,2026-07-19T20:05:00+00:00,2026-07-19T19:57:00+00:00,8.0,0.38,0.39,0.61,0.62,finalized,yes,1.0000,HISTORICAL,first_common_1550_1605_new_york
2026-07-20,KXHIGHNY-26JUL20,KXHIGHNY-26JUL20-B83.5,2026-07-19T20:05:00+00:00,2026-07-19T19:57:00+00:00,8.0,0.05,0.06,0.94,0.95,finalized,no,0.0000,HISTORICAL,first_common_1550_1605_new_york
2026-07-20,KXHIGHNY-26JUL20,KXHIGHNY-26JUL20-T77,2026-07-19T20:05:00+00:00,2026-07-19T19:57:00+00:00,8.0,0.06,0.08,0.92,0.94,finalized,no,0.0000,HISTORICAL,first_common_1550_1605_new_york
2026-07-20,KXHIGHNY-26JUL20,KXHIGHNY-26JUL20-T84,2026-07-19T20:05:00+00:00,2026-07-19T19:57:00+00:00,8.0,0.03,0.04,0.96,0.97,finalized,no,0.0000,HISTORICAL,first_common_1550_1605_new_york
2026-07-21,KXHIGHNY-26JUL21,KXHIGHNY-26JUL21-B79.5,2026-07-20T20:05:00+00:00,2026-07-20T19:51:00+00:00,14.0,0.25,0.26,0.74,0.75,finalized,no,0.0000,HISTORICAL,first_common_1550_1605_new_york
2026-07-21,KXHIGHNY-26JUL21,KXHIGHNY-26JUL21-B81.5,2026-07-20T20:05:00+00:00,2026-07-20T19:51:00+00:00,14.0,0.09,0.1,0.9,0.91,finalized,yes,1.0000,HISTORICAL,first_common_1550_1605_new_york
2026-07-21,KXHIGHNY-26JUL21,KXHIGHNY-26JUL21-B83.5,2026-07-20T20:05:00+00:00,2026-07-20T19:51:00+00:00,14.0,0.02,0.03,0.97,0.98,finalized,no,0.0000,HISTORICAL,first_common_1550_1605_new_york
2026-07-21,KXHIGHNY-26JUL21,KXHIGHNY-26JUL21-B85.5,2026-07-20T20:05:00+00:00,2026-07-20T19:51:00+00:00,14.0,0.02,0.04,0.96,0.98,finalized,no,0.0000,HISTORICAL,first_common_1550_1605_new_york
2026-07-21,KXHIGHNY-26JUL21,KXHIGHNY-26JUL21-T79,2026-07-20T20:05:00+00:00,2026-07-20T19:51:00+00:00,14.0,0.63,0.65,0.35,0.37,finalized,no,0.0000,HISTORICAL,first_common_1550_1605_new_york
2026-07-21,KXHIGHNY-26JUL21,KXHIGHNY-26JUL21-T86,2026-07-20T20:05:00+00:00,2026-07-20T19:51:00+00:00,14.0,0.02,0.03,0.97,0.98,finalized,no,0.0000,HISTORICAL,first_common_1550_1605_new_york
2026-07-24,KXHIGHNY-26JUL24,KXHIGHNY-26JUL24-B81.5,2026-07-23T20:05:00+00:00,2026-07-23T20:01:00+00:00,4.0,0.41,0.43,0.5700000000000001,0.5900000000000001,finalized,no,0.0000,HISTORICAL,first_common_1550_1605_new_york
2026-07-24,KXHIGHNY-26JUL24,KXHIGHNY-26JUL24-B83.5,2026-07-23T20:05:00+00:00,2026-07-23T20:01:00+00:00,4.0,0.35,0.39,0.61,0.65,finalized,yes,1.0000,HISTORICAL,first_common_1550_1605_new_york
2026-07-24,KXHIGHNY-26JUL24,KXHIGHNY-26JUL24-B85.5,2026-07-23T20:05:00+00:00,2026-07-23T20:01:00+00:00,4.0,0.04,0.05,0.95,0.96,finalized,no,0.0000,HISTORICAL,first_common_1550_1605_new_york
2026-07-24,KXHIGHNY-26JUL24,KXHIGHNY-26JUL24-B87.5,2026-07-23T20:05:00+00:00,2026-07-23T20:01:00+00:00,4.0,0.02,0.03,0.97,0.98,finalized,no,0.0000,HISTORICAL,first_common_1550_1605_new_york
2026-07-24,KXHIGHNY-26JUL24,KXHIGHNY-26JUL24-T81,2026-07-23T20:05:00+00:00,2026-07-23T20:01:00+00:00,4.0,0.16,0.18,0.8200000000000001,0.84,finalized,no,0.0000,HISTORICAL,first_common_1550_1605_new_york
2026-07-24,KXHIGHNY-26JUL24,KXHIGHNY-26JUL24-T88,2026-07-23T20:05:00+00:00,2026-07-23T20:01:00+00:00,4.0,0.0,0.02,0.98,1.0,finalized,no,0.0000,HISTORICAL,first_common_1550_1605_new_york
2026-07-26,KXHIGHNY-26JUL26,KXHIGHNY-26JUL26-B81.5,2026-07-25T20:05:00+00:00,2026-07-25T20:01:00+00:00,4.0,0.39,0.4,0.6,0.61,finalized,no,0.0000,LIVE,first_common_1550_1605_new_york
2026-07-26,KXHIGHNY-26JUL26,KXHIGHNY-26JUL26-B83.5,2026-07-25T20:05:00+00:00,2026-07-25T20:01:00+00:00,4.0,0.42,0.43,0.5700000000000001,0.5800000000000001,finalized,no,0.0000,LIVE,first_common_1550_1605_new_york
2026-07-26,KXHIGHNY-26JUL26,KXHIGHNY-26JUL26-B85.5,2026-07-25T20:05:00+00:00,2026-07-25T20:01:00+00:00,4.0,0.06,0.07,0.9299999999999999,0.94,finalized,yes,1.0000,LIVE,first_common_1550_1605_new_york
2026-07-26,KXHIGHNY-26JUL26,KXHIGHNY-26JUL26-B87.5,2026-07-25T20:05:00+00:00,2026-07-25T20:01:00+00:00,4.0,0.02,0.03,0.97,0.98,finalized,no,0.0000,LIVE,first_common_1550_1605_new_york
2026-07-26,KXHIGHNY-26JUL26,KXHIGHNY-26JUL26-T81,2026-07-25T20:05:00+00:00,2026-07-25T20:01:00+00:00,4.0,0.08,0.11,0.89,0.92,finalized,no,0.0000,LIVE,first_common_1550_1605_new_york
2026-07-26,KXHIGHNY-26JUL26,KXHIGHNY-26JUL26-T88,2026-07-25T20:05:00+00:00,2026-07-25T20:01:00+00:00,4.0,0.02,0.03,0.97,0.98,finalized,no,0.0000,LIVE,first_common_1550_1605_new_york
2026-07-28,KXHIGHNY-26JUL28,KXHIGHNY-26JUL28-B77.5,2026-07-27T20:05:00+00:00,2026-07-27T19:53:00+00:00,12.0,0.4,0.41,0.5900000000000001,0.6,finalized,no,0.0000,LIVE,first_common_1550_1605_new_york
2026-07-28,KXHIGHNY-26JUL28,KXHIGHNY-26JUL28-B79.5,2026-07-27T20:05:00+00:00,2026-07-27T19:53:00+00:00,12.0,0.31,0.32,0.6799999999999999,0.69,finalized,yes,1.0000,LIVE,first_common_1550_1605_new_york
2026-07-28,KXHIGHNY-26JUL28,KXHIGHNY-26JUL28-B81.5,2026-07-27T20:05:00+00:00,2026-07-27T19:53:00+00:00,12.0,0.11,0.12,0.88,0.89,finalized,no,0.0000,LIVE,first_common_1550_1605_new_york
2026-07-28,KXHIGHNY-26JUL28,KXHIGHNY-26JUL28-B83.5,2026-07-27T20:05:00+00:00,2026-07-27T19:53:00+00:00,12.0,0.02,0.03,0.97,0.98,finalized,no,0.0000,LIVE,first_common_1550_1605_new_york
2026-07-28,KXHIGHNY-26JUL28,KXHIGHNY-26JUL28-T77,2026-07-27T20:05:00+00:00,2026-07-27T19:53:00+00:00,12.0,0.15,0.18,0.8200000000000001,0.85,finalized,no,0.0000,LIVE,first_common_1550_1605_new_york
2026-07-28,KXHIGHNY-26JUL28,KXHIGHNY-26JUL28-T84,2026-07-27T20:05:00+00:00,2026-07-27T19:53:00+00:00,12.0,0.02,0.03,0.97,0.98,finalized,no,0.0000,LIVE,first_common_1550_1605_new_york
2026-07-29,KXHIGHNY-26JUL29,KXHIGHNY-26JUL29-B76.5,2026-07-28T20:05:00+00:00,2026-07-28T19:59:00+00:00,6.0,0.16,0.18,0.8200000000000001,0.84,finalized,no,0.0000,LIVE,first_common_1550_1605_new_york
2026-07-29,KXHIGHNY-26JUL29,KXHIGHNY-26JUL29-B78.5,2026-07-28T20:05:00+00:00,2026-07-28T19:59:00+00:00,6.0,0.32,0.35,0.65,0.6799999999999999,finalized,no,0.0000,LIVE,first_common_1550_1605_new_york
2026-07-29,KXHIGHNY-26JUL29,KXHIGHNY-26JUL29-B80.5,2026-07-28T20:05:00+00:00,2026-07-28T19:59:00+00:00,6.0,0.27,0.31,0.69,0.73,finalized,yes,1.0000,LIVE,first_common_1550_1605_new_york
2026-07-29,KXHIGHNY-26JUL29,KXHIGHNY-26JUL29-B82.5,2026-07-28T20:05:00+00:00,2026-07-28T19:59:00+00:00,6.0,0.1,0.11,0.89,0.9,finalized,no,0.0000,LIVE,first_common_1550_1605_new_york
2026-07-29,KXHIGHNY-26JUL29,KXHIGHNY-26JUL29-T76,2026-07-28T20:05:00+00:00,2026-07-28T19:59:00+00:00,6.0,0.05,0.06,0.94,0.95,finalized,no,0.0000,LIVE,first_common_1550_1605_new_york
2026-07-29,KXHIGHNY-26JUL29,KXHIGHNY-26JUL29-T83,2026-07-28T20:05:00+00:00,2026-07-28T19:59:00+00:00,6.0,0.02,0.06,0.94,0.98,finalized,no,0.0000,LIVE,first_common_1550_1605_new_york
2026-07-30,KXHIGHNY-26JUL30,KXHIGHNY-26JUL30-B77.5,2026-07-29T20:05:00+00:00,2026-07-29T20:02:00+00:00,3.0,0.33,0.34,0.6599999999999999,0.6699999999999999,finalized,no,0.0000,LIVE,first_common_1550_1605_new_york
2026-07-30,KXHIGHNY-26JUL30,KXHIGHNY-26JUL30-B79.5,2026-07-29T20:05:00+00:00,2026-07-29T20:02:00+00:00,3.0,0.09,0.1,0.9,0.91,finalized,no,0.0000,LIVE,first_common_1550_1605_new_york
2026-07-30,KXHIGHNY-26JUL30,KXHIGHNY-26JUL30-B81.5,2026-07-29T20:05:00+00:00,2026-07-29T20:02:00+00:00,3.0,0.03,0.04,0.96,0.97,finalized,no,0.0000,LIVE,first_common_1550_1605_new_york
2026-07-30,KXHIGHNY-26JUL30,KXHIGHNY-26JUL30-B83.5,2026-07-29T20:05:00+00:00,2026-07-29T20:02:00+00:00,3.0,0.01,0.02,0.98,0.99,finalized,no,0.0000,LIVE,first_common_1550_1605_new_york
2026-07-30,KXHIGHNY-26JUL30,KXHIGHNY-26JUL30-T77,2026-07-29T20:05:00+00:00,2026-07-29T20:02:00+00:00,3.0,0.57,0.58,0.42000000000000004,0.43000000000000005,finalized,yes,1.0000,LIVE,first_common_1550_1605_new_york
2026-07-30,KXHIGHNY-26JUL30,KXHIGHNY-26JUL30-T84,2026-07-29T20:05:00+00:00,2026-07-29T20:02:00+00:00,3.0,0.01,0.02,0.98,0.99,finalized,no,0.0000,LIVE,first_common_1550_1605_new_york
2026-08-01,KXHIGHNY-26AUG01,KXHIGHNY-26AUG01-B82.5,2026-07-31T20:05:00+00:00,2026-07-31T19:50:00+00:00,15.0,0.21,0.22,0.78,0.79,finalized,no,0.0000,LIVE,first_common_1550_1605_new_york
2026-08-01,KXHIGHNY-26AUG01,KXHIGHNY-26AUG01-B84.5,2026-07-31T20:05:00+00:00,2026-07-31T19:50:00+00:00,15.0,0.36,0.37,0.63,0.64,finalized,no,0.0000,LIVE,first_common_1550_1605_new_york
2026-08-01,KXHIGHNY-26AUG01,KXHIGHNY-26AUG01-B86.5,2026-07-31T20:05:00+00:00,2026-07-31T19:50:00+00:00,15.0,0.32,0.34,0.6599999999999999,0.6799999999999999,finalized,yes,1.0000,LIVE,first_common_1550_1605_new_york
2026-08-01,KXHIGHNY-26AUG01,KXHIGHNY-26AUG01-B88.5,2026-07-31T20:05:00+00:00,2026-07-31T19:50:00+00:00,15.0,0.04,0.05,0.95,0.96,finalized,no,0.0000,LIVE,first_common_1550_1605_new_york
2026-08-01,KXHIGHNY-26AUG01,KXHIGHNY-26AUG01-T82,2026-07-31T20:05:00+00:00,2026-07-31T19:50:00+00:00,15.0,0.09,0.11,0.89,0.91,finalized,no,0.0000,LIVE,first_common_1550_1605_new_york
2026-08-01,KXHIGHNY-26AUG01,KXHIGHNY-26AUG01-T89,2026-07-31T20:05:00+00:00,2026-07-31T19:50:00+00:00,15.0,0.01,0.02,0.98,0.99,finalized,no,0.0000,LIVE,first_common_1550_1605_new_york
2026-08-03,KXHIGHNY-26AUG03,KXHIGHNY-26AUG03-B80.5,2026-08-02T20:05:00+00:00,2026-08-02T20:01:00+00:00,4.0,0.41,0.43,0.5700000000000001,0.5900000000000001,finalized,yes,1.0000,LIVE,first_common_1550_1605_new_york
2026-08-03,KXHIGHNY-26AUG03,KXHIGHNY-26AUG03-B82.5,2026-08-02T20:05:00+00:00,2026-08-02T20:01:00+00:00,4.0,0.32,0.33,0.6699999999999999,0.6799999999999999,finalized,no,0.0000,LIVE,first_common_1550_1605_new_york
2026-08-03,KXHIGHNY-26AUG03,KXHIGHNY-26AUG03-B84.5,2026-08-02T20:05:00+00:00,2026-08-02T20:01:00+00:00,4.0,0.05,0.07,0.9299999999999999,0.95,finalized,no,0.0000,LIVE,first_common_1550_1605_new_york
2026-08-03,KXHIGHNY-26AUG03,KXHIGHNY-26AUG03-B86.5,2026-08-02T20:05:00+00:00,2026-08-02T20:01:00+00:00,4.0,0.01,0.02,0.98,0.99,finalized,no,0.0000,LIVE,first_common_1550_1605_new_york
2026-08-03,KXHIGHNY-26AUG03,KXHIGHNY-26AUG03-T80,2026-08-02T20:05:00+00:00,2026-08-02T20:01:00+00:00,4.0,0.24,0.25,0.75,0.76,finalized,no,0.0000,LIVE,first_common_1550_1605_new_york
2026-08-03,KXHIGHNY-26AUG03,KXHIGHNY-26AUG03-T87,2026-08-02T20:05:00+00:00,2026-08-02T20:01:00+00:00,4.0,0.0,0.01,0.99,1.0,finalized,no,0.0000,LIVE,first_common_1550_1605_new_york
2026-08-07,KXHIGHNY-26AUG07,KXHIGHNY-26AUG07-B89.5,2026-08-06T20:05:00+00:00,2026-08-06T20:01:00+00:00,4.0,0.46,0.47,0.53,0.54,finalized,no,0.0000,LIVE,first_common_1550_1605_new_york
2026-08-07,KXHIGHNY-26AUG07,KXHIGHNY-26AUG07-B91.5,2026-08-06T20:05:00+00:00,2026-08-06T20:01:00+00:00,4.0,0.13,0.14,0.86,0.87,finalized,yes,1.0000,LIVE,first_common_1550_1605_new_york
2026-08-07,KXHIGHNY-26AUG07,KXHIGHNY-26AUG07-B93.5,2026-08-06T20:05:00+00:00,2026-08-06T20:01:00+00:00,4.0,0.01,0.02,0.98,0.99,finalized,no,0.0000,LIVE,first_common_1550_1605_new_york
2026-08-07,KXHIGHNY-26AUG07,KXHIGHNY-26AUG07-B95.5,2026-08-06T20:05:00+00:00,2026-08-06T20:01:00+00:00,4.0,0.01,0.02,0.98,0.99,finalized,no,0.0000,LIVE,first_common_1550_1605_new_york
2026-08-07,KXHIGHNY-26AUG07,KXHIGHNY-26AUG07-T89,2026-08-06T20:05:00+00:00,2026-08-06T20:01:00+00:00,4.0,0.39,0.4,0.6,0.61,finalized,no,0.0000,LIVE,first_common_1550_1605_new_york
2026-08-07,KXHIGHNY-26AUG07,KXHIGHNY-26AUG07-T96,2026-08-06T20:05:00+00:00,2026-08-06T20:01:00+00:00,4.0,0.0,0.03,0.97,1.0,finalized,no,0.0000,LIVE,first_common_1550_1605_new_york
2026-08-08,KXHIGHNY-26AUG08,KXHIGHNY-26AUG08-B89.5,2026-08-07T20:05:00+00:00,2026-08-07T20:01:00+00:00,4.0,0.46,0.47,0.53,0.54,finalized,no,0.0000,LIVE,first_common_1550_1605_new_york
2026-08-08,KXHIGHNY-26AUG08,KXHIGHNY-26AUG08-B91.5,2026-08-07T20:05:00+00:00,2026-08-07T20:01:00+00:00,4.0,0.09,0.13,0.87,0.91,finalized,no,0.0000,LIVE,first_common_1550_1605_new_york
2026-08-08,KXHIGHNY-26AUG08,KXHIGHNY-26AUG08-B93.5,2026-08-07T20:05:00+00:00,2026-08-07T20:01:00+00:00,4.0,0.03,0.04,0.96,0.97,finalized,no,0.0000,LIVE,first_common_1550_1605_new_york
2026-08-08,KXHIGHNY-26AUG08,KXHIGHNY-26AUG08-B95.5,2026-08-07T20:05:00+00:00,2026-08-07T20:01:00+00:00,4.0,0.01,0.02,0.98,0.99,finalized,no,0.0000,LIVE,first_common_1550_1605_new_york
2026-08-08,KXHIGHNY-26AUG08,KXHIGHNY-26AUG08-T89,2026-08-07T20:05:00+00:00,2026-08-07T20:01:00+00:00,4.0,0.41,0.42,0.5800000000000001,0.5900000000000001,finalized,yes,1.0000,LIVE,first_common_1550_1605_new_york
2026-08-08,KXHIGHNY-26AUG08,KXHIGHNY-26AUG08-T96,2026-08-07T20:05:00+00:00,2026-08-07T20:01:00+00:00,4.0,0.0,0.02,0.98,1.0,finalized,no,0.0000,LIVE,first_common_1550_1605_new_york
2026-08-09,KXHIGHNY-26AUG09,KXHIGHNY-26AUG09-B90.5,2026-08-08T20:05:00+00:00,2026-08-08T20:01:00+00:00,4.0,0.45,0.46,0.54,0.55,finalized,no,0.0000,LIVE,first_common_1550_1605_new_york
2026-08-09,KXHIGHNY-26AUG09,KXHIGHNY-26AUG09-B92.5,2026-08-08T20:05:00+00:00,2026-08-08T20:01:00+00:00,4.0,0.33,0.34,0.6599999999999999,0.6699999999999999,finalized,no,0.0000,LIVE,first_common_1550_1605_new_york
2026-08-09,KXHIGHNY-26AUG09,KXHIGHNY-26AUG09-B94.5,2026-08-08T20:05:00+00:00,2026-08-08T20:01:00+00:00,4.0,0.05,0.06,0.94,0.95,finalized,no,0.0000,LIVE,first_common_1550_1605_new_york
2026-08-09,KXHIGHNY-26AUG09,KXHIGHNY-26AUG09-B96.5,2026-08-08T20:05:00+00:00,2026-08-08T20:01:00+00:00,4.0,0.01,0.02,0.98,0.99,finalized,no,0.0000,LIVE,first_common_1550_1605_new_york
2026-08-09,KXHIGHNY-26AUG09,KXHIGHNY-26AUG09-T90,2026-08-08T20:05:00+00:00,2026-08-08T20:01:00+00:00,4.0,0.16,0.18,0.8200000000000001,0.84,finalized,yes,1.0000,LIVE,first_common_1550_1605_new_york
2026-08-09,KXHIGHNY-26AUG09,KXHIGHNY-26AUG09-T97,2026-08-08T20:05:00+00:00,2026-08-08T20:01:00+00:00,4.0,0.0,0.02,0.98,1.0,finalized,no,0.0000,LIVE,first_common_1550_1605_new_york
2026-08-17,KXHIGHNY-26AUG17,KXHIGHNY-26AUG17-B84.5,2026-08-16T20:05:00+00:00,2026-08-16T20:01:00+00:00,4.0,0.16,0.18,0.8200000000000001,0.84,finalized,no,0.0000,LIVE,first_common_1550_1605_new_york
2026-08-17,KXHIGHNY-26AUG17,KXHIGHNY-26AUG17-B86.5,2026-08-16T20:05:00+00:00,2026-08-16T20:01:00+00:00,4.0,0.05,0.06,0.94,0.95,finalized,no,0.0000,LIVE,first_common_1550_1605_new_york
2026-08-17,KXHIGHNY-26AUG17,KXHIGHNY-26AUG17-B88.5,2026-08-16T20:05:00+00:00,2026-08-16T20:01:00+00:00,4.0,0.01,0.02,0.98,0.99,finalized,no,0.0000,LIVE,first_common_1550_1605_new_york
2026-08-17,KXHIGHNY-26AUG17,KXHIGHNY-26AUG17-B90.5,2026-08-16T20:05:00+00:00,2026-08-16T20:01:00+00:00,4.0,0.0,0.01,0.99,1.0,finalized,no,0.0000,LIVE,first_common_1550_1605_new_york
2026-08-17,KXHIGHNY-26AUG17,KXHIGHNY-26AUG17-T84,2026-08-16T20:05:00+00:00,2026-08-16T20:01:00+00:00,4.0,0.78,0.8,0.19999999999999996,0.21999999999999997,finalized,yes,1.0000,LIVE,first_common_1550_1605_new_york
2026-08-17,KXHIGHNY-26AUG17,KXHIGHNY-26AUG17-T91,2026-08-16T20:05:00+00:00,2026-08-16T20:01:00+00:00,4.0,0.0,0.01,0.99,1.0,finalized,no,0.0000,LIVE,first_common_1550_1605_new_york
2026-08-18,KXHIGHNY-26AUG18,KXHIGHNY-26AUG18-B85.5,2026-08-17T20:05:00+00:00,2026-08-17T20:01:00+00:00,4.0,0.41,0.42,0.5800000000000001,0.5900000000000001,finalized,yes,1.0000,LIVE,first_common_1550_1605_new_york
2026-08-18,KXHIGHNY-26AUG18,KXHIGHNY-26AUG18-B87.5,2026-08-17T20:05:00+00:00,2026-08-17T20:01:00+00:00,4.0,0.06,0.08,0.92,0.94,finalized,no,0.0000,LIVE,first_common_1550_1605_new_york
2026-08-18,KXHIGHNY-26AUG18,KXHIGHNY-26AUG18-B89.5,2026-08-17T20:05:00+00:00,2026-08-17T20:01:00+00:00,4.0,0.01,0.02,0.98,0.99,finalized,no,0.0000,LIVE,first_common_1550_1605_new_york
2026-08-18,KXHIGHNY-26AUG18,KXHIGHNY-26AUG18-B91.5,2026-08-17T20:05:00+00:00,2026-08-17T20:01:00+00:00,4.0,0.0,0.01,0.99,1.0,finalized,no,0.0000,LIVE,first_common_1550_1605_new_york
2026-08-18,KXHIGHNY-26AUG18,KXHIGHNY-26AUG18-T85,2026-08-17T20:05:00+00:00,2026-08-17T20:01:00+00:00,4.0,0.49,0.5,0.5,0.51,finalized,no,0.0000,LIVE,first_common_1550_1605_new_york
2026-08-18,KXHIGHNY-26AUG18,KXHIGHNY-26AUG18-T92,2026-08-17T20:05:00+00:00,2026-08-17T20:01:00+00:00,4.0,0.0,0.01,0.99,1.0,finalized,no,0.0000,LIVE,first_common_1550_1605_new_york
2026-08-22,KXHIGHNY-26AUG22,KXHIGHNY-26AUG22-B73.5,2026-08-21T20:05:00+00:00,2026-08-21T19:51:00+00:00,14.0,0.27,0.29,0.71,0.73,finalized,no,0.0000,LIVE,first_common_1550_1605_new_york
2026-08-22,KXHIGHNY-26AUG22,KXHIGHNY-26AUG22-B75.5,2026-08-21T20:05:00+00:00,2026-08-21T19:51:00+00:00,14.0,0.4,0.45,0.55,0.6,finalized,no,0.0000,LIVE,first_common_1550_1605_new_york
2026-08-22,KXHIGHNY-26AUG22,KXHIGHNY-26AUG22-B77.5,2026-08-21T20:05:00+00:00,2026-08-21T19:51:00+00:00,14.0,0.22,0.23,0.77,0.78,finalized,yes,1.0000,LIVE,first_common_1550_1605_new_york
2026-08-22,KXHIGHNY-26AUG22,KXHIGHNY-26AUG22-B79.5,2026-08-21T20:05:00+00:00,2026-08-21T19:51:00+00:00,14.0,0.05,0.06,0.94,0.95,finalized,no,0.0000,LIVE,first_common_1550_1605_new_york
2026-08-22,KXHIGHNY-26AUG22,KXHIGHNY-26AUG22-T73,2026-08-21T20:05:00+00:00,2026-08-21T19:51:00+00:00,14.0,0.05,0.06,0.94,0.95,finalized,no,0.0000,LIVE,first_common_1550_1605_new_york
2026-08-22,KXHIGHNY-26AUG22,KXHIGHNY-26AUG22-T80,2026-08-21T20:05:00+00:00,2026-08-21T19:51:00+00:00,14.0,0.0,0.02,0.98,1.0,finalized,no,0.0000,LIVE,first_common_1550_1605_new_york
2026-08-23,KXHIGHNY-26AUG23,KXHIGHNY-26AUG23-B80.5,2026-08-22T20:05:00+00:00,2026-08-22T20:00:00+00:00,5.0,0.39,0.4,0.6,0.61,finalized,yes,1.0000,LIVE,first_common_1550_1605_new_york
2026-08-23,KXHIGHNY-26AUG23,KXHIGHNY-26AUG23-B82.5,2026-08-22T20:05:00+00:00,2026-08-22T20:00:00+00:00,5.0,0.29,0.3,0.7,0.71,finalized,no,0.0000,LIVE,first_common_1550_1605_new_york
2026-08-23,KXHIGHNY-26AUG23,KXHIGHNY-26AUG23-B84.5,2026-08-22T20:05:00+00:00,2026-08-22T20:00:00+00:00,5.0,0.07,0.08,0.92,0.9299999999999999,finalized,no,0.0000,LIVE,first_common_1550_1605_new_york
2026-08-23,KXHIGHNY-26AUG23,KXHIGHNY-26AUG23-B86.5,2026-08-22T20:05:00+00:00,2026-08-22T20:00:00+00:00,5.0,0.02,0.03,0.97,0.98,finalized,no,0.0000,LIVE,first_common_1550_1605_new_york
2026-08-23,KXHIGHNY-26AUG23,KXHIGHNY-26AUG23-T80,2026-08-22T20:05:00+00:00,2026-08-22T20:00:00+00:00,5.0,0.19,0.21,0.79,0.81,finalized,no,0.0000,LIVE,first_common_1550_1605_new_york
2026-08-23,KXHIGHNY-26AUG23,KXHIGHNY-26AUG23-T87,2026-08-22T20:05:00+00:00,2026-08-22T20:00:00+00:00,5.0,0.01,0.02,0.98,0.99,finalized,no,0.0000,LIVE,first_common_1550_1605_new_york
