target_date,window,status,selected_time_et,minutes_after_start
2026-09-15,07:00-08:00,COLLECTED,2026-09-15T07:14:00-04:00,14.0
2026-09-15,08:00-09:00,COLLECTED,2026-09-15T08:07:00-04:00,7.0
2026-09-15,07:00-09:00,COLLECTED,2026-09-15T07:14:00-04:00,14.0
2026-09-16,07:00-08:00,COLLECTED,2026-09-16T07:27:00-04:00,27.0
2026-09-16,08:00-09:00,COLLECTED,2026-09-16T08:00:00-04:00,0.0
2026-09-16,07:00-09:00,COLLECTED,2026-09-16T07:27:00-04:00,27.0
2026-09-17,07:00-08:00,COLLECTED,2026-09-17T07:00:00-04:00,0.0
2026-09-17,08:00-09:00,COLLECTED,2026-09-17T08:16:00-04:00,16.0
2026-09-17,07:00-09:00,COLLECTED,2026-09-17T07:00:00-04:00,0.0
2026-09-18,07:00-08:00,COLLECTED,2026-09-18T07:33:00-04:00,33.0
2026-09-18,08:00-09:00,COLLECTED,2026-09-18T08:05:00-04:00,5.0
2026-09-18,07:00-09:00,COLLECTED,2026-09-18T07:33:00-04:00,33.0
2026-09-19,07:00-08:00,COLLECTED,2026-09-19T07:07:00-04:00,7.0
2026-09-19,08:00-09:00,COLLECTED,2026-09-19T08:18:00-04:00,18.0
2026-09-19,07:00-09:00,COLLECTED,2026-09-19T07:07:00-04:00,7.0
2026-09-20,07:00-08:00,COLLECTED,2026-09-20T07:17:00-04:00,17.0
2026-09-20,08:00-09:00,COLLECTED,2026-09-20T08:00:00-04:00,0.0
2026-09-20,07:00-09:00,COLLECTED,2026-09-20T07:17:00-04:00,17.0
2026-09-21,07:00-08:00,COLLECTED,2026-09-21T07:01:00-04:00,1.0
2026-09-21,08:00-09:00,COLLECTED,2026-09-21T08:04:00-04:00,4.0
2026-09-21,07:00-09:00,COLLECTED,2026-09-21T07:01:00-04:00,1.0
2026-09-22,07:00-08:00,COLLECTED,2026-09-22T07:07:00-04:00,7.0
2026-09-22,08:00-09:00,COLLECTED,2026-09-22T08:02:00-04:00,2.0
2026-09-22,07:00-09:00,COLLECTED,2026-09-22T07:07:00-04:00,7.0
2026-09-23,07:00-08:00,COLLECTED,2026-09-23T07:00:00-04:00,0.0
2026-09-23,08:00-09:00,COLLECTED,2026-09-23T08:16:00-04:00,16.0
2026-09-23,07:00-09:00,COLLECTED,2026-09-23T07:00:00-04:00,0.0
2026-09-24,07:00-08:00,COLLECTED,2026-09-24T07:01:00-04:00,1.0
2026-09-24,08:00-09:00,COLLECTED,2026-09-24T08:18:00-04:00,18.0
2026-09-24,07:00-09:00,COLLECTED,2026-09-24T07:01:00-04:00,1.0
2026-09-25,07:00-08:00,COLLECTED,2026-09-25T07:08:00-04:00,8.0
2026-09-25,08:00-09:00,COLLECTED,2026-09-25T08:23:00-04:00,23.0
2026-09-25,07:00-09:00,COLLECTED,2026-09-25T07:08:00-04:00,8.0
2026-09-26,07:00-08:00,COLLECTED,2026-09-26T07:04:00-04:00,4.0
2026-09-26,08:00-09:00,COLLECTED,2026-09-26T08:01:00-04:00,1.0
2026-09-26,07:00-09:00,COLLECTED,2026-09-26T07:04:00-04:00,4.0
2026-09-27,07:00-08:00,COLLECTED,2026-09-27T07:08:00-04:00,8.0
2026-09-27,08:00-09:00,COLLECTED,2026-09-27T08:08:00-04:00,8.0
2026-09-27,07:00-09:00,COLLECTED,2026-09-27T07:08:00-04:00,8.0
2026-09-28,07:00-08:00,COLLECTED,2026-09-28T07:06:00-04:00,6.0
2026-09-28,08:00-09:00,COLLECTED,2026-09-28T08:03:00-04:00,3.0
2026-09-28,07:00-09:00,COLLECTED,2026-09-28T07:06:00-04:00,6.0
2026-09-29,07:00-08:00,COLLECTED,2026-09-29T07:18:00-04:00,18.0
2026-09-29,08:00-09:00,COLLECTED,2026-09-29T08:17:00-04:00,17.0
2026-09-29,07:00-09:00,COLLECTED,2026-09-29T07:18:00-04:00,18.0
