target_date,checkpoint,status,selected_time_et,quote_age_minutes,common_minutes
2026-09-15,06:00,COLLECTED,2026-09-15T05:57:00-04:00,3.0,1
2026-09-15,07:00,COLLECTED,2026-09-15T06:59:00-04:00,1.0,2
2026-09-15,08:00,INCOMPLETE,,,0
2026-09-15,09:00,COLLECTED,2026-09-15T08:58:00-04:00,2.0,1
2026-09-15,10:00,INCOMPLETE,,,0
2026-09-15,11:00,INCOMPLETE,,,0
2026-09-15,12:00,INCOMPLETE,,,0
2026-09-16,06:00,COLLECTED,2026-09-16T06:00:00-04:00,0.0,3
2026-09-16,07:00,NO_COMMON_MINUTE,,,0
2026-09-16,08:00,COLLECTED,2026-09-16T08:00:00-04:00,0.0,1
2026-09-16,09:00,INCOMPLETE,,,0
2026-09-16,10:00,INCOMPLETE,,,0
2026-09-16,11:00,NO_COMMON_MINUTE,,,0
2026-09-16,12:00,NO_COMMON_MINUTE,,,0
2026-09-17,06:00,INCOMPLETE,,,0
2026-09-17,07:00,COLLECTED,2026-09-17T07:00:00-04:00,0.0,2
2026-09-17,08:00,COLLECTED,2026-09-17T07:57:00-04:00,3.0,2
2026-09-17,09:00,COLLECTED,2026-09-17T08:55:00-04:00,5.0,1
2026-09-17,10:00,NO_COMMON_MINUTE,,,0
2026-09-17,11:00,COLLECTED,2026-09-17T10:55:00-04:00,5.0,1
2026-09-17,12:00,COLLECTED,2026-09-17T11:57:00-04:00,3.0,1
2026-09-18,06:00,INCOMPLETE,,,0
2026-09-18,07:00,INCOMPLETE,,,0
2026-09-18,08:00,NO_COMMON_MINUTE,,,0
2026-09-18,09:00,INCOMPLETE,,,0
2026-09-18,10:00,COLLECTED,2026-09-18T10:00:00-04:00,0.0,4
2026-09-18,11:00,COLLECTED,2026-09-18T10:55:00-04:00,5.0,1
2026-09-18,12:00,COLLECTED,2026-09-18T11:55:00-04:00,5.0,1
2026-09-19,06:00,COLLECTED,2026-09-19T05:57:00-04:00,3.0,1
2026-09-19,07:00,NO_COMMON_MINUTE,,,0
2026-09-19,08:00,INCOMPLETE,,,0
2026-09-19,09:00,INCOMPLETE,,,0
2026-09-19,10:00,COLLECTED,2026-09-19T09:55:00-04:00,5.0,1
2026-09-19,11:00,COLLECTED,2026-09-19T11:00:00-04:00,0.0,1
2026-09-19,12:00,INCOMPLETE,,,0
2026-09-20,06:00,INCOMPLETE,,,0
2026-09-20,07:00,INCOMPLETE,,,0
2026-09-20,08:00,COLLECTED,2026-09-20T08:00:00-04:00,0.0,2
2026-09-20,09:00,INCOMPLETE,,,0
2026-09-20,10:00,INCOMPLETE,,,0
2026-09-20,11:00,INCOMPLETE,,,0
2026-09-20,12:00,INCOMPLETE,,,0
2026-09-21,06:00,COLLECTED,2026-09-21T06:00:00-04:00,0.0,2
2026-09-21,07:00,COLLECTED,2026-09-21T06:56:00-04:00,4.0,1
2026-09-21,08:00,INCOMPLETE,,,0
2026-09-21,09:00,NO_COMMON_MINUTE,,,0
2026-09-21,10:00,COLLECTED,2026-09-21T09:59:00-04:00,1.0,1
2026-09-21,11:00,NO_COMMON_MINUTE,,,0
2026-09-21,12:00,COLLECTED,2026-09-21T11:56:00-04:00,4.0,1
2026-09-22,06:00,INCOMPLETE,,,0
2026-09-22,07:00,NO_COMMON_MINUTE,,,0
2026-09-22,08:00,COLLECTED,2026-09-22T07:59:00-04:00,1.0,2
2026-09-22,09:00,COLLECTED,2026-09-22T08:57:00-04:00,3.0,1
2026-09-22,10:00,COLLECTED,2026-09-22T09:59:00-04:00,1.0,1
2026-09-22,11:00,COLLECTED,2026-09-22T10:59:00-04:00,1.0,1
2026-09-22,12:00,COLLECTED,2026-09-22T11:55:00-04:00,5.0,1
2026-09-23,06:00,COLLECTED,2026-09-23T06:00:00-04:00,0.0,6
2026-09-23,07:00,COLLECTED,2026-09-23T07:00:00-04:00,0.0,6
2026-09-23,08:00,COLLECTED,2026-09-23T07:58:00-04:00,2.0,3
2026-09-23,09:00,COLLECTED,2026-09-23T08:59:00-04:00,1.0,2
2026-09-23,10:00,COLLECTED,2026-09-23T09:56:00-04:00,4.0,1
2026-09-23,11:00,COLLECTED,2026-09-23T10:59:00-04:00,1.0,3
2026-09-23,12:00,COLLECTED,2026-09-23T12:00:00-04:00,0.0,2
2026-09-24,06:00,INCOMPLETE,,,0
2026-09-24,07:00,INCOMPLETE,,,0
2026-09-24,08:00,INCOMPLETE,,,0
2026-09-24,09:00,INCOMPLETE,,,0
2026-09-24,10:00,INCOMPLETE,,,0
2026-09-24,11:00,COLLECTED,2026-09-24T10:55:00-04:00,5.0,1
2026-09-24,12:00,NO_COMMON_MINUTE,,,0
2026-09-25,06:00,COLLECTED,2026-09-25T05:59:00-04:00,1.0,1
2026-09-25,07:00,INCOMPLETE,,,0
2026-09-25,08:00,NO_COMMON_MINUTE,,,0
2026-09-25,09:00,INCOMPLETE,,,0
2026-09-25,10:00,NO_COMMON_MINUTE,,,0
2026-09-25,11:00,COLLECTED,2026-09-25T11:00:00-04:00,0.0,3
2026-09-25,12:00,INCOMPLETE,,,0
2026-09-26,06:00,INCOMPLETE,,,0
2026-09-26,07:00,INCOMPLETE,,,0
2026-09-26,08:00,COLLECTED,2026-09-26T07:57:00-04:00,3.0,2
2026-09-26,09:00,NO_COMMON_MINUTE,,,0
2026-09-26,10:00,NO_COMMON_MINUTE,,,0
2026-09-26,11:00,COLLECTED,2026-09-26T10:58:00-04:00,2.0,2
2026-09-26,12:00,COLLECTED,2026-09-26T11:59:00-04:00,1.0,1
2026-09-27,06:00,INCOMPLETE,,,0
2026-09-27,07:00,INCOMPLETE,,,0
2026-09-27,08:00,INCOMPLETE,,,0
2026-09-27,09:00,COLLECTED,2026-09-27T08:59:00-04:00,1.0,1
2026-09-27,10:00,INCOMPLETE,,,0
2026-09-27,11:00,NO_COMMON_MINUTE,,,0
2026-09-27,12:00,COLLECTED,2026-09-27T11:59:00-04:00,1.0,3
2026-09-28,06:00,INCOMPLETE,,,0
2026-09-28,07:00,NO_COMMON_MINUTE,,,0
2026-09-28,08:00,INCOMPLETE,,,0
2026-09-28,09:00,INCOMPLETE,,,0
2026-09-28,10:00,NO_COMMON_MINUTE,,,0
2026-09-28,11:00,COLLECTED,2026-09-28T11:00:00-04:00,0.0,3
2026-09-28,12:00,INCOMPLETE,,,0
2026-09-29,06:00,INCOMPLETE,,,0
2026-09-29,07:00,COLLECTED,2026-09-29T06:58:00-04:00,2.0,2
2026-09-29,08:00,INCOMPLETE,,,0
2026-09-29,09:00,COLLECTED,2026-09-29T08:58:00-04:00,2.0,2
2026-09-29,10:00,NO_COMMON_MINUTE,,,0
2026-09-29,11:00,COLLECTED,2026-09-29T10:55:00-04:00,5.0,1
2026-09-29,12:00,COLLECTED,2026-09-29T12:00:00-04:00,0.0,3
