target_date,window,status,alpha,selected_time_et,initial_ticker,initial_side,initial_price,initial_adjusted_probability,initial_edge,initial_roi,initial_won,morning_same_price,price_change,price_lower,morning_same_adjusted_probability,morning_same_edge,morning_same_roi,edge_change,roi_change,same_contract_qualifies,resize_trigger,resize_trade_pnl,resize_trade_cost,morning_best_ticker,morning_best_side,morning_best_edge,morning_best_roi,morning_best_qualifies,same_still_best
2026-09-17,07:00-08:00,COLLECTED,1.7250000000000014,2026-09-17T07:00:00-04:00,KXHIGHNY-26SEP17-B80.5,YES,0.44,0.5182461183008398,0.058246118300839755,0.12662199630617338,False,0.55,0.11000000000000004,False,0.6656956030420347,0.09569560304203462,0.16788702288076246,0.03744948474119486,0.04126502657458908,True,False,0.0,0.0,KXHIGHNY-26SEP17-B80.5,YES,0.09569560304203462,0.16788702288076246,True,True
2026-09-17,08:00-09:00,COLLECTED,1.7250000000000014,2026-09-17T08:16:00-04:00,KXHIGHNY-26SEP17-B80.5,YES,0.44,0.5182461183008398,0.058246118300839755,0.12662199630617338,False,0.46,0.020000000000000018,False,0.5432168448169069,0.06321684481690687,0.13170176003522263,0.004970726516067114,0.0050797637290492526,True,False,0.0,0.0,KXHIGHNY-26SEP17-B80.5,YES,0.06321684481690687,0.13170176003522263,True,True
2026-09-19,07:00-08:00,COLLECTED,2.0000000000000018,2026-09-19T07:07:00-04:00,KXHIGHNY-26SEP19-B69.5,YES,0.45,0.5395409032082286,0.06954090320822853,0.1479593685281458,True,0.29,-0.16000000000000003,True,0.16705731941188992,-0.14294268058811008,-0.461105421251968,-0.2124835837963386,-0.6090647897801138,False,False,0.0,0.0,KXHIGHNY-26SEP19-B71.5,YES,0.1690922650756448,0.26014194627022275,True,False
2026-09-19,08:00-09:00,COLLECTED,2.0000000000000018,2026-09-19T08:18:00-04:00,KXHIGHNY-26SEP19-B69.5,YES,0.45,0.5395409032082286,0.06954090320822853,0.1479593685281458,True,0.33,-0.12,True,0.2649246491171332,-0.08507535088286683,-0.2430724310939052,-0.15461625409109536,-0.39103179962205104,False,False,0.0,0.0,KXHIGHNY-26SEP19-B71.5,YES,0.15308453528232335,0.2733652415755774,True,False
2026-09-20,07:00-08:00,COLLECTED,2.0000000000000018,2026-09-20T07:17:00-04:00,KXHIGHNY-26SEP20-T71,YES,0.73,0.9082073434125271,0.15820734341252707,0.21094312455003608,True,0.86,0.13,False,0.9677963857814259,0.09779638578142591,0.11240963882922518,-0.06041095763110116,-0.0985334857208109,True,False,0.0,0.0,KXHIGHNY-26SEP20-B71.5,NO,0.10819355265770847,0.12580645657873077,True,False
2026-09-20,08:00-09:00,COLLECTED,2.0000000000000018,2026-09-20T08:00:00-04:00,KXHIGHNY-26SEP20-T71,YES,0.73,0.9082073434125271,0.15820734341252707,0.21094312455003608,True,0.88,0.15000000000000002,False,0.9826413399217097,0.09264133992170964,0.10409139317046028,-0.06556600349081743,-0.1068517313795758,True,False,0.0,0.0,KXHIGHNY-26SEP20-T71,YES,0.09264133992170964,0.10409139317046028,True,True
2026-09-21,07:00-08:00,COLLECTED,2.0500000000000016,2026-09-21T07:01:00-04:00,KXHIGHNY-26SEP21-B68.5,YES,0.5,0.6273255061867129,0.10732550618671288,0.20639520420521706,False,0.15,-0.35,True,0.046400855812039996,-0.11359914418796001,-0.70999465117475,-0.2209246503746729,-0.9163898553799671,False,False,0.0,0.0,KXHIGHNY-26SEP21-B70.5,YES,0.2184581024010287,0.35235177806617535,True,False
2026-09-21,08:00-09:00,COLLECTED,2.0500000000000016,2026-09-21T08:04:00-04:00,KXHIGHNY-26SEP21-B68.5,YES,0.5,0.6273255061867129,0.10732550618671288,0.20639520420521706,False,0.3,-0.2,True,0.20296306824979296,-0.11703693175020705,-0.36574041171939703,-0.22436243793691993,-0.572135615924614,False,False,0.0,0.0,KXHIGHNY-26SEP21-B70.5,YES,0.1652093222489852,0.28001580042200885,True,False
2026-09-23,07:00-08:00,COLLECTED,1.5250000000000012,2026-09-23T07:00:00-04:00,KXHIGHNY-26SEP23-B67.5,YES,0.54,0.6871445220993442,0.12714452209934413,0.2270437894631145,True,0.5,-0.040000000000000036,True,0.5394656268874745,0.01946562688747444,0.03743389786052777,-0.10767889521186969,-0.18960989160258673,False,False,0.0,0.0,KXHIGHNY-26SEP23-B69.5,NO,0.03930040026281523,0.04318725303606069,False,False
2026-09-23,08:00-09:00,COLLECTED,1.5250000000000012,2026-09-23T08:16:00-04:00,KXHIGHNY-26SEP23-B67.5,YES,0.54,0.6871445220993442,0.12714452209934413,0.2270437894631145,True,0.44,-0.10000000000000003,True,0.4708612407177054,0.01086124071770539,0.023611392864576933,-0.11628328138163874,-0.20343239659853757,False,False,0.0,0.0,KXHIGHNY-26SEP23-B69.5,NO,0.02066337797037965,0.023481111329976875,False,False
2026-09-27,07:00-08:00,COLLECTED,1.5250000000000012,2026-09-27T07:08:00-04:00,KXHIGHNY-26SEP27-T65,YES,0.65,0.7698549790348641,0.09985497903486407,0.14903728214158815,True,0.38,-0.27,True,0.3633820508151334,-0.036617949184866605,-0.09154487296216651,-0.13647292821973067,-0.24058215510375466,False,False,0.0,0.0,KXHIGHNY-26SEP27-B65.5,YES,0.04077820065253834,0.07551518639358952,False,False
2026-09-27,08:00-09:00,COLLECTED,1.5250000000000012,2026-09-27T08:08:00-04:00,KXHIGHNY-26SEP27-T65,YES,0.65,0.7698549790348641,0.09985497903486407,0.14903728214158815,True,0.31,-0.34,True,0.28288377640483653,-0.04711622359516349,-0.14277643513685903,-0.14697120263002755,-0.2918137172784472,False,False,0.0,0.0,KXHIGHNY-26SEP27-B65.5,YES,0.05287997328093874,0.10791831281824234,True,False
2026-09-29,07:00-08:00,COLLECTED,1.5500000000000012,2026-09-29T07:18:00-04:00,KXHIGHNY-26SEP29-B69.5,YES,0.48,0.6019267985222284,0.10192679852222841,0.20385359704445682,True,0.56,0.08000000000000007,False,0.6596218557899481,0.07962185578994807,0.137279061706807,-0.022304942732280342,-0.06657453533764982,True,False,0.0,0.0,KXHIGHNY-26SEP29-B69.5,YES,0.07962185578994807,0.137279061706807,True,True
2026-09-29,08:00-09:00,COLLECTED,1.5500000000000012,2026-09-29T08:17:00-04:00,KXHIGHNY-26SEP29-B69.5,YES,0.48,0.6019267985222284,0.10192679852222841,0.20385359704445682,True,0.52,0.040000000000000036,False,0.6013879143893428,0.06138791438934277,0.11368132294322734,-0.040538884132885644,-0.09017227410122948,True,False,0.0,0.0,KXHIGHNY-26SEP29-B69.5,YES,0.06138791438934277,0.11368132294322734,True,True
